timestamp,agent_id,dqn_action,optimal_action,correct,reason
2025-10-19 13:26:36.000000,dqn_agent,0,0,True,✅ Low sepsis risk (0.00) can use edge processing - Decision appropriate
2025-10-19 13:26:36.116732,dqn_agent,0,0,True,✅ Low sepsis risk (0.20) can use edge processing - Decision appropriate
2025-10-19 13:26:36.233463,dqn_agent,1,0,False,❌ Low sepsis risk (0.00) can use edge processing - Decision suboptimal
2025-10-19 13:26:36.350195,dqn_agent,0,0,True,✅ Low sepsis risk (0.00) can use edge processing - Decision appropriate
2025-10-19 13:26:36.466926,dqn_agent,0,0,True,✅ Low sepsis risk (0.10) can use edge processing - Decision appropriate
2025-10-19 13:26:36.583658,dqn_agent,0,0,True,✅ Low sepsis risk (0.00) can use edge processing - Decision appropriate
2025-10-19 13:26:36.700389,dqn_agent,0,0,True,✅ Low sepsis risk (0.00) can use edge processing - Decision appropriate
2025-10-19 13:26:36.817121,dqn_agent,1,0,False,❌ Low sepsis risk (0.00) can use edge processing - Decision suboptimal
2025-10-19 13:26:36.933852,dqn_agent,0,0,True,✅ Low sepsis risk (0.00) can use edge processing - Decision appropriate
2025-10-19 13:26:37.050584,dqn_agent,1,0,False,❌ Low sepsis risk (0.00) can use edge processing - Decision suboptimal
2025-10-19 13:26:37.167315,dqn_agent,1,1,True,✅ Moderate sepsis risk (0.30) benefits from cloud accuracy - Decision appropriate
2025-10-19 13:26:37.284047,dqn_agent,0,0,True,✅ Low sepsis risk (0.00) can use edge processing - Decision appropriate
2025-10-19 13:26:37.400778,dqn_agent,0,0,True,✅ Low sepsis risk (0.00) can use edge processing - Decision appropriate
2025-10-19 13:26:37.517510,dqn_agent,0,0,True,✅ Low sepsis risk (0.16) can use edge processing - Decision appropriate
2025-10-19 13:26:37.634241,dqn_agent,1,0,False,❌ Low sepsis risk (0.00) can use edge processing - Decision suboptimal
2025-10-19 13:26:37.750973,dqn_agent,0,0,True,✅ Low sepsis risk (0.00) can use edge processing - Decision appropriate
2025-10-19 13:26:37.867704,dqn_agent,1,0,False,❌ Low sepsis risk (0.04) can use edge processing - Decision suboptimal
2025-10-19 13:26:37.984436,dqn_agent,0,0,True,✅ Low sepsis risk (0.00) can use edge processing - Decision appropriate
2025-10-19 13:26:38.101167,dqn_agent,0,0,True,✅ Low sepsis risk (0.00) can use edge processing - Decision appropriate
2025-10-19 13:26:38.217899,dqn_agent,1,0,False,❌ Low sepsis risk (0.00) can use edge processing - Decision suboptimal
2025-10-19 13:26:38.334630,dqn_agent,1,0,False,❌ Low sepsis risk (0.24) can use edge processing - Decision suboptimal
2025-10-19 13:26:38.451362,dqn_agent,1,0,False,❌ Low sepsis risk (0.00) can use edge processing - Decision suboptimal
2025-10-19 13:26:38.568093,dqn_agent,1,0,False,❌ Low sepsis risk (0.00) can use edge processing - Decision suboptimal
2025-10-19 13:26:38.684825,dqn_agent,1,0,False,❌ Low sepsis risk (0.00) can use edge processing - Decision suboptimal
2025-10-19 13:26:38.801556,dqn_agent,1,0,False,❌ Low sepsis risk (0.00) can use edge processing - Decision suboptimal
2025-10-19 13:26:38.918288,dqn_agent,0,0,True,✅ Low sepsis risk (0.14) can use edge processing - Decision appropriate
2025-10-19 13:26:39.035019,dqn_agent,1,0,False,❌ Low sepsis risk (0.00) can use edge processing - Decision suboptimal
2025-10-19 13:26:39.151751,dqn_agent,0,0,True,✅ Low sepsis risk (0.00) can use edge processing - Decision appropriate
2025-10-19 13:26:39.268482,dqn_agent,0,0,True,✅ Low sepsis risk (0.00) can use edge processing - Decision appropriate
2025-10-19 13:26:39.385214,dqn_agent,1,0,False,❌ Low sepsis risk (0.00) can use edge processing - Decision suboptimal
2025-10-19 13:26:39.501946,dqn_agent,1,0,False,❌ Low sepsis risk (0.00) can use edge processing - Decision suboptimal
2025-10-19 13:26:39.618677,dqn_agent,0,0,True,✅ Low sepsis risk (0.20) can use edge processing - Decision appropriate
2025-10-19 13:26:39.735409,dqn_agent,0,0,True,✅ Low sepsis risk (0.00) can use edge processing - Decision appropriate
2025-10-19 13:26:39.852140,dqn_agent,1,0,False,❌ Low sepsis risk (0.00) can use edge processing - Decision suboptimal
2025-10-19 13:26:39.968872,dqn_agent,1,0,False,❌ Low sepsis risk (0.10) can use edge processing - Decision suboptimal
2025-10-19 13:26:40.085603,dqn_agent,0,0,True,✅ Low sepsis risk (0.00) can use edge processing - Decision appropriate
2025-10-19 13:26:40.202335,dqn_agent,1,0,False,❌ Low sepsis risk (0.00) can use edge processing - Decision suboptimal
2025-10-19 13:26:40.319066,dqn_agent,1,0,False,❌ Low sepsis risk (0.00) can use edge processing - Decision suboptimal
2025-10-19 13:26:40.435798,dqn_agent,0,0,True,✅ Low sepsis risk (0.00) can use edge processing - Decision appropriate
2025-10-19 13:26:40.552529,dqn_agent,0,0,True,✅ Low sepsis risk (0.00) can use edge processing - Decision appropriate
2025-10-19 13:26:40.669261,dqn_agent,0,1,False,❌ Moderate sepsis risk (0.30) benefits from cloud accuracy - Decision suboptimal
2025-10-19 13:26:40.785992,dqn_agent,0,0,True,✅ Low sepsis risk (0.00) can use edge processing - Decision appropriate
2025-10-19 13:26:40.902724,dqn_agent,1,0,False,❌ Low sepsis risk (0.00) can use edge processing - Decision suboptimal
2025-10-19 13:26:41.019455,dqn_agent,1,0,False,❌ Low sepsis risk (0.16) can use edge processing - Decision suboptimal
2025-10-19 13:26:41.136187,dqn_agent,1,0,False,❌ Low sepsis risk (0.00) can use edge processing - Decision suboptimal
2025-10-19 13:26:41.252918,dqn_agent,0,0,True,✅ Low sepsis risk (0.00) can use edge processing - Decision appropriate
2025-10-19 13:26:41.369650,dqn_agent,0,0,True,✅ Low sepsis risk (0.04) can use edge processing - Decision appropriate
2025-10-19 13:26:41.486381,dqn_agent,1,0,False,❌ Low sepsis risk (0.00) can use edge processing - Decision suboptimal
2025-10-19 13:26:41.603113,dqn_agent,0,0,True,✅ Low sepsis risk (0.00) can use edge processing - Decision appropriate
2025-10-19 13:26:41.719844,dqn_agent,1,0,False,❌ Low sepsis risk (0.00) can use edge processing - Decision suboptimal
2025-10-19 13:26:41.836576,dqn_agent,1,0,False,❌ Low sepsis risk (0.24) can use edge processing - Decision suboptimal
2025-10-19 13:26:41.953307,dqn_agent,0,0,True,✅ Low sepsis risk (0.00) can use edge processing - Decision appropriate
2025-10-19 13:26:42.070039,dqn_agent,1,0,False,❌ Low sepsis risk (0.00) can use edge processing - Decision suboptimal
2025-10-19 13:26:42.186770,dqn_agent,1,0,False,❌ Low sepsis risk (0.00) can use edge processing - Decision suboptimal
2025-10-19 13:26:42.303502,dqn_agent,1,0,False,❌ Low sepsis risk (0.00) can use edge processing - Decision suboptimal
2025-10-19 13:26:42.420233,dqn_agent,0,0,True,✅ Low sepsis risk (0.14) can use edge processing - Decision appropriate
2025-10-19 13:26:42.536965,dqn_agent,1,0,False,❌ Low sepsis risk (0.00) can use edge processing - Decision suboptimal
2025-10-19 13:26:42.653696,dqn_agent,1,0,False,❌ Low sepsis risk (0.00) can use edge processing - Decision suboptimal
2025-10-19 13:26:42.770428,dqn_agent,1,0,False,❌ Low sepsis risk (0.00) can use edge processing - Decision suboptimal
2025-10-19 13:26:42.887160,dqn_agent,0,0,True,✅ Low sepsis risk (0.00) can use edge processing - Decision appropriate
2025-10-19 13:26:43.003891,dqn_agent,1,0,False,❌ Low sepsis risk (0.00) can use edge processing - Decision suboptimal
2025-10-19 13:26:43.120623,dqn_agent,0,0,True,✅ Low sepsis risk (0.20) can use edge processing - Decision appropriate
2025-10-19 13:26:43.237354,dqn_agent,1,0,False,❌ Low sepsis risk (0.00) can use edge processing - Decision suboptimal
2025-10-19 13:26:43.354086,dqn_agent,1,0,False,❌ Low sepsis risk (0.00) can use edge processing - Decision suboptimal
2025-10-19 13:26:43.470817,dqn_agent,0,0,True,✅ Low sepsis risk (0.10) can use edge processing - Decision appropriate
2025-10-19 13:26:43.587549,dqn_agent,0,0,True,✅ Low sepsis risk (0.00) can use edge processing - Decision appropriate
2025-10-19 13:26:43.704280,dqn_agent,1,0,False,❌ Low sepsis risk (0.00) can use edge processing - Decision suboptimal
2025-10-19 13:26:43.821012,dqn_agent,1,0,False,❌ Low sepsis risk (0.00) can use edge processing - Decision suboptimal
2025-10-19 13:26:43.937743,dqn_agent,0,0,True,✅ Low sepsis risk (0.00) can use edge processing - Decision appropriate
2025-10-19 13:26:44.054475,dqn_agent,1,0,False,❌ Low sepsis risk (0.00) can use edge processing - Decision suboptimal
2025-10-19 13:26:44.171206,dqn_agent,1,1,True,✅ Moderate sepsis risk (0.30) benefits from cloud accuracy - Decision appropriate
2025-10-19 13:26:44.287938,dqn_agent,1,0,False,❌ Low sepsis risk (0.00) can use edge processing - Decision suboptimal
2025-10-19 13:26:44.404669,dqn_agent,0,0,True,✅ Low sepsis risk (0.00) can use edge processing - Decision appropriate
2025-10-19 13:26:44.521401,dqn_agent,0,0,True,✅ Low sepsis risk (0.16) can use edge processing - Decision appropriate
2025-10-19 13:26:44.638132,dqn_agent,0,0,True,✅ Low sepsis risk (0.00) can use edge processing - Decision appropriate
2025-10-19 13:26:44.754864,dqn_agent,1,0,False,❌ Low sepsis risk (0.00) can use edge processing - Decision suboptimal
2025-10-19 13:26:44.871595,dqn_agent,0,0,True,✅ Low sepsis risk (0.04) can use edge processing - Decision appropriate
2025-10-19 13:26:44.988327,dqn_agent,1,0,False,❌ Low sepsis risk (0.00) can use edge processing - Decision suboptimal
2025-10-19 13:26:45.105058,dqn_agent,1,0,False,❌ Low sepsis risk (0.00) can use edge processing - Decision suboptimal
2025-10-19 13:26:45.221790,dqn_agent,1,0,False,❌ Low sepsis risk (0.00) can use edge processing - Decision suboptimal
2025-10-19 13:26:45.338521,dqn_agent,0,0,True,✅ Low sepsis risk (0.24) can use edge processing - Decision appropriate
2025-10-19 13:26:45.455253,dqn_agent,1,0,False,❌ Low sepsis risk (0.00) can use edge processing - Decision suboptimal
2025-10-19 13:26:45.571984,dqn_agent,1,0,False,❌ Low sepsis risk (0.00) can use edge processing - Decision suboptimal
2025-10-19 13:26:45.688716,dqn_agent,1,0,False,❌ Low sepsis risk (0.00) can use edge processing - Decision suboptimal
2025-10-19 13:26:45.805447,dqn_agent,0,0,True,✅ Low sepsis risk (0.00) can use edge processing - Decision appropriate
2025-10-19 13:26:45.922179,dqn_agent,0,0,True,✅ Low sepsis risk (0.14) can use edge processing - Decision appropriate
2025-10-19 13:26:46.038911,dqn_agent,0,0,True,✅ Low sepsis risk (0.00) can use edge processing - Decision appropriate
2025-10-19 13:26:46.155642,dqn_agent,1,0,False,❌ Low sepsis risk (0.00) can use edge processing - Decision suboptimal
2025-10-19 13:26:46.272374,dqn_agent,1,0,False,❌ Low sepsis risk (0.00) can use edge processing - Decision suboptimal
2025-10-19 13:26:46.389105,dqn_agent,0,0,True,✅ Low sepsis risk (0.00) can use edge processing - Decision appropriate
2025-10-19 13:26:46.505837,dqn_agent,1,0,False,❌ Low sepsis risk (0.00) can use edge processing - Decision suboptimal
2025-10-19 13:26:46.622568,dqn_agent,1,0,False,❌ Low sepsis risk (0.20) can use edge processing - Decision suboptimal
2025-10-19 13:26:46.739300,dqn_agent,1,0,False,❌ Low sepsis risk (0.00) can use edge processing - Decision suboptimal
2025-10-19 13:26:46.856031,dqn_agent,0,0,True,✅ Low sepsis risk (0.00) can use edge processing - Decision appropriate
2025-10-19 13:26:46.972763,dqn_agent,0,0,True,✅ Low sepsis risk (0.10) can use edge processing - Decision appropriate
2025-10-19 13:26:47.089494,dqn_agent,0,0,True,✅ Low sepsis risk (0.00) can use edge processing - Decision appropriate
2025-10-19 13:26:47.206226,dqn_agent,1,0,False,❌ Low sepsis risk (0.00) can use edge processing - Decision suboptimal
2025-10-19 13:26:47.322957,dqn_agent,1,0,False,❌ Low sepsis risk (0.00) can use edge processing - Decision suboptimal
2025-10-19 13:26:47.439689,dqn_agent,1,0,False,❌ Low sepsis risk (0.00) can use edge processing - Decision suboptimal
2025-10-19 13:26:47.556420,dqn_agent,1,0,False,❌ Low sepsis risk (0.00) can use edge processing - Decision suboptimal
2025-10-19 13:26:47.673152,dqn_agent,0,1,False,❌ Moderate sepsis risk (0.30) benefits from cloud accuracy - Decision suboptimal
2025-10-19 13:26:47.789883,dqn_agent,1,0,False,❌ Low sepsis risk (0.00) can use edge processing - Decision suboptimal
2025-10-19 13:26:47.906615,dqn_agent,1,0,False,❌ Low sepsis risk (0.00) can use edge processing - Decision suboptimal
2025-10-19 13:26:48.023346,dqn_agent,0,0,True,✅ Low sepsis risk (0.16) can use edge processing - Decision appropriate
2025-10-19 13:26:48.140078,dqn_agent,0,0,True,✅ Low sepsis risk (0.00) can use edge processing - Decision appropriate
2025-10-19 13:26:48.256809,dqn_agent,0,0,True,✅ Low sepsis risk (0.00) can use edge processing - Decision appropriate
2025-10-19 13:26:48.373541,dqn_agent,0,0,True,✅ Low sepsis risk (0.04) can use edge processing - Decision appropriate
2025-10-19 13:26:48.490272,dqn_agent,1,0,False,❌ Low sepsis risk (0.00) can use edge processing - Decision suboptimal
2025-10-19 13:26:48.607004,dqn_agent,0,0,True,✅ Low sepsis risk (0.00) can use edge processing - Decision appropriate
2025-10-19 13:26:48.723735,dqn_agent,1,0,False,❌ Low sepsis risk (0.00) can use edge processing - Decision suboptimal
2025-10-19 13:26:48.840467,dqn_agent,1,0,False,❌ Low sepsis risk (0.24) can use edge processing - Decision suboptimal
2025-10-19 13:26:48.957198,dqn_agent,1,0,False,❌ Low sepsis risk (0.00) can use edge processing - Decision suboptimal
2025-10-19 13:26:49.073930,dqn_agent,1,0,False,❌ Low sepsis risk (0.00) can use edge processing - Decision suboptimal
2025-10-19 13:26:49.190661,dqn_agent,0,0,True,✅ Low sepsis risk (0.00) can use edge processing - Decision appropriate
2025-10-19 13:26:49.307393,dqn_agent,0,0,True,✅ Low sepsis risk (0.00) can use edge processing - Decision appropriate
2025-10-19 13:26:49.424125,dqn_agent,0,0,True,✅ Low sepsis risk (0.14) can use edge processing - Decision appropriate
2025-10-19 13:26:49.540856,dqn_agent,0,0,True,✅ Low sepsis risk (0.00) can use edge processing - Decision appropriate
2025-10-19 13:26:49.657588,dqn_agent,1,0,False,❌ Low sepsis risk (0.00) can use edge processing - Decision suboptimal
2025-10-19 13:26:49.774319,dqn_agent,1,0,False,❌ Low sepsis risk (0.00) can use edge processing - Decision suboptimal
2025-10-19 13:26:49.891051,dqn_agent,0,0,True,✅ Low sepsis risk (0.00) can use edge processing - Decision appropriate
2025-10-19 13:26:50.007782,dqn_agent,1,0,False,❌ Low sepsis risk (0.00) can use edge processing - Decision suboptimal
2025-10-19 13:26:50.124514,dqn_agent,0,0,True,✅ Low sepsis risk (0.20) can use edge processing - Decision appropriate
2025-10-19 13:26:50.241245,dqn_agent,1,0,False,❌ Low sepsis risk (0.00) can use edge processing - Decision suboptimal
2025-10-19 13:26:50.357977,dqn_agent,1,0,False,❌ Low sepsis risk (0.00) can use edge processing - Decision suboptimal
2025-10-19 13:26:50.474708,dqn_agent,1,0,False,❌ Low sepsis risk (0.10) can use edge processing - Decision suboptimal
2025-10-19 13:26:50.591440,dqn_agent,0,0,True,✅ Low sepsis risk (0.00) can use edge processing - Decision appropriate
2025-10-19 13:26:50.708171,dqn_agent,1,0,False,❌ Low sepsis risk (0.00) can use edge processing - Decision suboptimal
2025-10-19 13:26:50.824903,dqn_agent,0,0,True,✅ Low sepsis risk (0.00) can use edge processing - Decision appropriate
2025-10-19 13:26:50.941634,dqn_agent,0,0,True,✅ Low sepsis risk (0.00) can use edge processing - Decision appropriate
2025-10-19 13:26:51.058366,dqn_agent,1,0,False,❌ Low sepsis risk (0.00) can use edge processing - Decision suboptimal
2025-10-19 13:26:51.175097,dqn_agent,1,1,True,✅ Moderate sepsis risk (0.30) benefits from cloud accuracy - Decision appropriate
2025-10-19 13:26:51.291829,dqn_agent,1,0,False,❌ Low sepsis risk (0.00) can use edge processing - Decision suboptimal
2025-10-19 13:26:51.408560,dqn_agent,1,0,False,❌ Low sepsis risk (0.00) can use edge processing - Decision suboptimal
2025-10-19 13:26:51.525292,dqn_agent,1,0,False,❌ Low sepsis risk (0.16) can use edge processing - Decision suboptimal
2025-10-19 13:26:51.642023,dqn_agent,1,0,False,❌ Low sepsis risk (0.00) can use edge processing - Decision suboptimal
2025-10-19 13:26:51.758755,dqn_agent,1,0,False,❌ Low sepsis risk (0.00) can use edge processing - Decision suboptimal
2025-10-19 13:26:51.875486,dqn_agent,1,0,False,❌ Low sepsis risk (0.04) can use edge processing - Decision suboptimal
2025-10-19 13:26:51.992218,dqn_agent,0,0,True,✅ Low sepsis risk (0.00) can use edge processing - Decision appropriate
2025-10-19 13:26:52.108949,dqn_agent,1,0,False,❌ Low sepsis risk (0.00) can use edge processing - Decision suboptimal
2025-10-19 13:26:52.225681,dqn_agent,0,0,True,✅ Low sepsis risk (0.00) can use edge processing - Decision appropriate
2025-10-19 13:26:52.342412,dqn_agent,0,0,True,✅ Low sepsis risk (0.24) can use edge processing - Decision appropriate
2025-10-19 13:26:52.459144,dqn_agent,1,0,False,❌ Low sepsis risk (0.00) can use edge processing - Decision suboptimal
2025-10-19 13:26:52.575875,dqn_agent,0,0,True,✅ Low sepsis risk (0.00) can use edge processing - Decision appropriate
2025-10-19 13:26:52.692607,dqn_agent,1,0,False,❌ Low sepsis risk (0.00) can use edge processing - Decision suboptimal
2025-10-19 13:26:52.809339,dqn_agent,1,0,False,❌ Low sepsis risk (0.00) can use edge processing - Decision suboptimal
2025-10-19 13:26:52.926070,dqn_agent,1,0,False,❌ Low sepsis risk (0.14) can use edge processing - Decision suboptimal
2025-10-19 13:26:53.042802,dqn_agent,0,0,True,✅ Low sepsis risk (0.00) can use edge processing - Decision appropriate
2025-10-19 13:26:53.159533,dqn_agent,0,0,True,✅ Low sepsis risk (0.00) can use edge processing - Decision appropriate
2025-10-19 13:26:53.276265,dqn_agent,1,0,False,❌ Low sepsis risk (0.00) can use edge processing - Decision suboptimal
2025-10-19 13:26:53.392996,dqn_agent,1,0,False,❌ Low sepsis risk (0.00) can use edge processing - Decision suboptimal
2025-10-19 13:26:53.509728,dqn_agent,1,0,False,❌ Low sepsis risk (0.00) can use edge processing - Decision suboptimal
2025-10-19 13:26:53.626459,dqn_agent,0,0,True,✅ Low sepsis risk (0.20) can use edge processing - Decision appropriate
2025-10-19 13:26:53.743191,dqn_agent,1,0,False,❌ Low sepsis risk (0.00) can use edge processing - Decision suboptimal
2025-10-19 13:26:53.859922,dqn_agent,1,0,False,❌ Low sepsis risk (0.00) can use edge processing - Decision suboptimal
2025-10-19 13:26:53.976654,dqn_agent,0,0,True,✅ Low sepsis risk (0.10) can use edge processing - Decision appropriate
2025-10-19 13:26:54.093385,dqn_agent,0,0,True,✅ Low sepsis risk (0.00) can use edge processing - Decision appropriate
2025-10-19 13:26:54.210117,dqn_agent,1,0,False,❌ Low sepsis risk (0.00) can use edge processing - Decision suboptimal
2025-10-19 13:26:54.326848,dqn_agent,1,0,False,❌ Low sepsis risk (0.00) can use edge processing - Decision suboptimal
2025-10-19 13:26:54.443580,dqn_agent,0,0,True,✅ Low sepsis risk (0.00) can use edge processing - Decision appropriate
2025-10-19 13:26:54.560311,dqn_agent,1,0,False,❌ Low sepsis risk (0.00) can use edge processing - Decision suboptimal
2025-10-19 13:26:54.677043,dqn_agent,0,1,False,❌ Moderate sepsis risk (0.30) benefits from cloud accuracy - Decision suboptimal
2025-10-19 13:26:54.793774,dqn_agent,1,0,False,❌ Low sepsis risk (0.00) can use edge processing - Decision suboptimal
2025-10-19 13:26:54.910506,dqn_agent,1,0,False,❌ Low sepsis risk (0.00) can use edge processing - Decision suboptimal
2025-10-19 13:26:55.027237,dqn_agent,1,0,False,❌ Low sepsis risk (0.16) can use edge processing - Decision suboptimal
2025-10-19 13:26:55.143969,dqn_agent,1,0,False,❌ Low sepsis risk (0.00) can use edge processing - Decision suboptimal
2025-10-19 13:26:55.260700,dqn_agent,1,0,False,❌ Low sepsis risk (0.00) can use edge processing - Decision suboptimal
2025-10-19 13:26:55.377432,dqn_agent,1,0,False,❌ Low sepsis risk (0.04) can use edge processing - Decision suboptimal
2025-10-19 13:26:55.494163,dqn_agent,0,0,True,✅ Low sepsis risk (0.00) can use edge processing - Decision appropriate
2025-10-19 13:26:55.610895,dqn_agent,1,0,False,❌ Low sepsis risk (0.00) can use edge processing - Decision suboptimal
2025-10-19 13:26:55.727626,dqn_agent,0,0,True,✅ Low sepsis risk (0.00) can use edge processing - Decision appropriate
2025-10-19 13:26:55.844358,dqn_agent,1,0,False,❌ Low sepsis risk (0.24) can use edge processing - Decision suboptimal
2025-10-19 13:26:55.961089,dqn_agent,0,0,True,✅ Low sepsis risk (0.00) can use edge processing - Decision appropriate
2025-10-19 13:26:56.077821,dqn_agent,1,0,False,❌ Low sepsis risk (0.00) can use edge processing - Decision suboptimal
2025-10-19 13:26:56.194553,dqn_agent,1,0,False,❌ Low sepsis risk (0.00) can use edge processing - Decision suboptimal
2025-10-19 13:26:56.311284,dqn_agent,0,0,True,✅ Low sepsis risk (0.00) can use edge processing - Decision appropriate
2025-10-19 13:26:56.428016,dqn_agent,0,0,True,✅ Low sepsis risk (0.14) can use edge processing - Decision appropriate
2025-10-19 13:26:56.544747,dqn_agent,1,0,False,❌ Low sepsis risk (0.00) can use edge processing - Decision suboptimal
2025-10-19 13:26:56.661479,dqn_agent,1,0,False,❌ Low sepsis risk (0.00) can use edge processing - Decision suboptimal
2025-10-19 13:26:56.778210,dqn_agent,1,0,False,❌ Low sepsis risk (0.00) can use edge processing - Decision suboptimal
2025-10-19 13:26:56.894942,dqn_agent,0,0,True,✅ Low sepsis risk (0.00) can use edge processing - Decision appropriate
2025-10-19 13:26:57.011673,dqn_agent,0,0,True,✅ Low sepsis risk (0.00) can use edge processing - Decision appropriate
2025-10-19 13:26:57.128405,dqn_agent,0,0,True,✅ Low sepsis risk (0.20) can use edge processing - Decision appropriate
2025-10-19 13:26:57.245136,dqn_agent,1,0,False,❌ Low sepsis risk (0.00) can use edge processing - Decision suboptimal
2025-10-19 13:26:57.361868,dqn_agent,1,0,False,❌ Low sepsis risk (0.00) can use edge processing - Decision suboptimal
2025-10-19 13:26:57.478599,dqn_agent,1,0,False,❌ Low sepsis risk (0.10) can use edge processing - Decision suboptimal
2025-10-19 13:26:57.595331,dqn_agent,0,0,True,✅ Low sepsis risk (0.00) can use edge processing - Decision appropriate
2025-10-19 13:26:57.712062,dqn_agent,1,0,False,❌ Low sepsis risk (0.00) can use edge processing - Decision suboptimal
2025-10-19 13:26:57.828794,dqn_agent,1,0,False,❌ Low sepsis risk (0.00) can use edge processing - Decision suboptimal
2025-10-19 13:26:57.945525,dqn_agent,0,0,True,✅ Low sepsis risk (0.00) can use edge processing - Decision appropriate
2025-10-19 13:26:58.062257,dqn_agent,1,0,False,❌ Low sepsis risk (0.00) can use edge processing - Decision suboptimal
2025-10-19 13:26:58.178988,dqn_agent,0,1,False,❌ Moderate sepsis risk (0.30) benefits from cloud accuracy - Decision suboptimal
2025-10-19 13:26:58.295720,dqn_agent,1,0,False,❌ Low sepsis risk (0.00) can use edge processing - Decision suboptimal
2025-10-19 13:26:58.412451,dqn_agent,1,0,False,❌ Low sepsis risk (0.00) can use edge processing - Decision suboptimal
2025-10-19 13:26:58.529183,dqn_agent,1,0,False,❌ Low sepsis risk (0.16) can use edge processing - Decision suboptimal
2025-10-19 13:26:58.645914,dqn_agent,0,0,True,✅ Low sepsis risk (0.00) can use edge processing - Decision appropriate
2025-10-19 13:26:58.762646,dqn_agent,1,0,False,❌ Low sepsis risk (0.00) can use edge processing - Decision suboptimal
2025-10-19 13:26:58.879377,dqn_agent,0,0,True,✅ Low sepsis risk (0.04) can use edge processing - Decision appropriate
2025-10-19 13:26:58.996109,dqn_agent,1,0,False,❌ Low sepsis risk (0.00) can use edge processing - Decision suboptimal
2025-10-19 13:26:59.112840,dqn_agent,0,0,True,✅ Low sepsis risk (0.00) can use edge processing - Decision appropriate
2025-10-19 13:26:59.229572,dqn_agent,1,0,False,❌ Low sepsis risk (0.00) can use edge processing - Decision suboptimal
2025-10-19 13:26:59.346304,dqn_agent,0,0,True,✅ Low sepsis risk (0.24) can use edge processing - Decision appropriate
2025-10-19 13:26:59.463035,dqn_agent,1,0,False,❌ Low sepsis risk (0.00) can use edge processing - Decision suboptimal
2025-10-19 13:26:59.579767,dqn_agent,1,0,False,❌ Low sepsis risk (0.00) can use edge processing - Decision suboptimal
2025-10-19 13:26:59.696498,dqn_agent,1,0,False,❌ Low sepsis risk (0.00) can use edge processing - Decision suboptimal
2025-10-19 13:26:59.813230,dqn_agent,1,0,False,❌ Low sepsis risk (0.00) can use edge processing - Decision suboptimal
2025-10-19 13:26:59.929961,dqn_agent,1,0,False,❌ Low sepsis risk (0.14) can use edge processing - Decision suboptimal
2025-10-19 13:27:00.046693,dqn_agent,0,0,True,✅ Low sepsis risk (0.00) can use edge processing - Decision appropriate
2025-10-19 13:27:00.163424,dqn_agent,1,0,False,❌ Low sepsis risk (0.00) can use edge processing - Decision suboptimal
2025-10-19 13:27:00.280156,dqn_agent,1,0,False,❌ Low sepsis risk (0.00) can use edge processing - Decision suboptimal
2025-10-19 13:27:00.396887,dqn_agent,1,0,False,❌ Low sepsis risk (0.00) can use edge processing - Decision suboptimal
2025-10-19 13:27:00.513619,dqn_agent,1,0,False,❌ Low sepsis risk (0.00) can use edge processing - Decision suboptimal
2025-10-19 13:27:00.630350,dqn_agent,1,0,False,❌ Low sepsis risk (0.20) can use edge processing - Decision suboptimal
2025-10-19 13:27:00.747082,dqn_agent,1,0,False,❌ Low sepsis risk (0.00) can use edge processing - Decision suboptimal
2025-10-19 13:27:00.863813,dqn_agent,1,0,False,❌ Low sepsis risk (0.00) can use edge processing - Decision suboptimal
2025-10-19 13:27:00.980545,dqn_agent,0,0,True,✅ Low sepsis risk (0.10) can use edge processing - Decision appropriate
2025-10-19 13:27:01.097276,dqn_agent,1,0,False,❌ Low sepsis risk (0.00) can use edge processing - Decision suboptimal
2025-10-19 13:27:01.214008,dqn_agent,0,0,True,✅ Low sepsis risk (0.00) can use edge processing - Decision appropriate
2025-10-19 13:27:01.330739,dqn_agent,0,0,True,✅ Low sepsis risk (0.00) can use edge processing - Decision appropriate
2025-10-19 13:27:01.447471,dqn_agent,1,0,False,❌ Low sepsis risk (0.00) can use edge processing - Decision suboptimal
2025-10-19 13:27:01.564202,dqn_agent,1,0,False,❌ Low sepsis risk (0.00) can use edge processing - Decision suboptimal
2025-10-19 13:27:01.680934,dqn_agent,1,1,True,✅ Moderate sepsis risk (0.30) benefits from cloud accuracy - Decision appropriate
2025-10-19 13:27:01.797665,dqn_agent,0,0,True,✅ Low sepsis risk (0.00) can use edge processing - Decision appropriate
2025-10-19 13:27:01.914397,dqn_agent,1,0,False,❌ Low sepsis risk (0.00) can use edge processing - Decision suboptimal
2025-10-19 13:27:02.031128,dqn_agent,1,0,False,❌ Low sepsis risk (0.16) can use edge processing - Decision suboptimal
2025-10-19 13:27:02.147860,dqn_agent,1,0,False,❌ Low sepsis risk (0.00) can use edge processing - Decision suboptimal
2025-10-19 13:27:02.264591,dqn_agent,0,0,True,✅ Low sepsis risk (0.00) can use edge processing - Decision appropriate
2025-10-19 13:27:02.381323,dqn_agent,1,0,False,❌ Low sepsis risk (0.04) can use edge processing - Decision suboptimal
2025-10-19 13:27:02.498054,dqn_agent,0,0,True,✅ Low sepsis risk (0.00) can use edge processing - Decision appropriate
2025-10-19 13:27:02.614786,dqn_agent,0,0,True,✅ Low sepsis risk (0.00) can use edge processing - Decision appropriate
2025-10-19 13:27:02.731518,dqn_agent,1,0,False,❌ Low sepsis risk (0.00) can use edge processing - Decision suboptimal
2025-10-19 13:27:02.848249,dqn_agent,1,0,False,❌ Low sepsis risk (0.24) can use edge processing - Decision suboptimal
2025-10-19 13:27:02.964981,dqn_agent,1,0,False,❌ Low sepsis risk (0.00) can use edge processing - Decision suboptimal
2025-10-19 13:27:03.081712,dqn_agent,1,0,False,❌ Low sepsis risk (0.00) can use edge processing - Decision suboptimal
2025-10-19 13:27:03.198444,dqn_agent,0,0,True,✅ Low sepsis risk (0.00) can use edge processing - Decision appropriate
2025-10-19 13:27:03.315175,dqn_agent,1,0,False,❌ Low sepsis risk (0.00) can use edge processing - Decision suboptimal
2025-10-19 13:27:03.431907,dqn_agent,1,0,False,❌ Low sepsis risk (0.14) can use edge processing - Decision suboptimal
2025-10-19 13:27:03.548638,dqn_agent,1,0,False,❌ Low sepsis risk (0.00) can use edge processing - Decision suboptimal
2025-10-19 13:27:03.665370,dqn_agent,0,0,True,✅ Low sepsis risk (0.00) can use edge processing - Decision appropriate
2025-10-19 13:27:03.782101,dqn_agent,1,0,False,❌ Low sepsis risk (0.00) can use edge processing - Decision suboptimal
2025-10-19 13:27:03.898833,dqn_agent,0,0,True,✅ Low sepsis risk (0.00) can use edge processing - Decision appropriate
2025-10-19 13:27:04.015564,dqn_agent,1,0,False,❌ Low sepsis risk (0.00) can use edge processing - Decision suboptimal
2025-10-19 13:27:04.132296,dqn_agent,0,0,True,✅ Low sepsis risk (0.20) can use edge processing - Decision appropriate
2025-10-19 13:27:04.249027,dqn_agent,1,0,False,❌ Low sepsis risk (0.00) can use edge processing - Decision suboptimal
2025-10-19 13:27:04.365759,dqn_agent,1,0,False,❌ Low sepsis risk (0.00) can use edge processing - Decision suboptimal
2025-10-19 13:27:04.482490,dqn_agent,0,0,True,✅ Low sepsis risk (0.10) can use edge processing - Decision appropriate
2025-10-19 13:27:04.599222,dqn_agent,0,0,True,✅ Low sepsis risk (0.00) can use edge processing - Decision appropriate
2025-10-19 13:27:04.715953,dqn_agent,1,0,False,❌ Low sepsis risk (0.00) can use edge processing - Decision suboptimal
2025-10-19 13:27:04.832685,dqn_agent,0,0,True,✅ Low sepsis risk (0.00) can use edge processing - Decision appropriate
2025-10-19 13:27:04.949416,dqn_agent,1,0,False,❌ Low sepsis risk (0.00) can use edge processing - Decision suboptimal
2025-10-19 13:27:05.066148,dqn_agent,0,0,True,✅ Low sepsis risk (0.00) can use edge processing - Decision appropriate
2025-10-19 13:27:05.182879,dqn_agent,1,1,True,✅ Moderate sepsis risk (0.30) benefits from cloud accuracy - Decision appropriate
2025-10-19 13:27:05.299611,dqn_agent,1,0,False,❌ Low sepsis risk (0.00) can use edge processing - Decision suboptimal
2025-10-19 13:27:05.416342,dqn_agent,0,0,True,✅ Low sepsis risk (0.00) can use edge processing - Decision appropriate
2025-10-19 13:27:05.533074,dqn_agent,1,0,False,❌ Low sepsis risk (0.16) can use edge processing - Decision suboptimal
2025-10-19 13:27:05.649805,dqn_agent,1,0,False,❌ Low sepsis risk (0.00) can use edge processing - Decision suboptimal
2025-10-19 13:27:05.766537,dqn_agent,0,0,True,✅ Low sepsis risk (0.00) can use edge processing - Decision appropriate
2025-10-19 13:27:05.883268,dqn_agent,0,0,True,✅ Low sepsis risk (0.04) can use edge processing - Decision appropriate
2025-10-19 13:27:06.000000,dqn_agent,1,0,False,❌ Low sepsis risk (0.00) can use edge processing - Decision suboptimal
2025-10-19 13:27:06.116732,dqn_agent,0,0,True,✅ Low sepsis risk (0.00) can use edge processing - Decision appropriate
2025-10-19 13:27:06.233463,dqn_agent,1,0,False,❌ Low sepsis risk (0.00) can use edge processing - Decision suboptimal
2025-10-19 13:27:06.350195,dqn_agent,1,0,False,❌ Low sepsis risk (0.24) can use edge processing - Decision suboptimal
2025-10-19 13:27:06.466926,dqn_agent,1,0,False,❌ Low sepsis risk (0.00) can use edge processing - Decision suboptimal
2025-10-19 13:27:06.583658,dqn_agent,0,0,True,✅ Low sepsis risk (0.00) can use edge processing - Decision appropriate
2025-10-19 13:27:06.700389,dqn_agent,1,0,False,❌ Low sepsis risk (0.00) can use edge processing - Decision suboptimal
2025-10-19 13:27:06.817121,dqn_agent,1,0,False,❌ Low sepsis risk (0.00) can use edge processing - Decision suboptimal
2025-10-19 13:27:06.933852,dqn_agent,0,0,True,✅ Low sepsis risk (0.14) can use edge processing - Decision appropriate
2025-10-19 13:27:07.050584,dqn_agent,0,0,True,✅ Low sepsis risk (0.00) can use edge processing - Decision appropriate
2025-10-19 13:27:07.167315,dqn_agent,0,0,True,✅ Low sepsis risk (0.00) can use edge processing - Decision appropriate
2025-10-19 13:27:07.284047,dqn_agent,1,0,False,❌ Low sepsis risk (0.00) can use edge processing - Decision suboptimal
2025-10-19 13:27:07.400778,dqn_agent,1,0,False,❌ Low sepsis risk (0.00) can use edge processing - Decision suboptimal
2025-10-19 13:27:07.517510,dqn_agent,0,0,True,✅ Low sepsis risk (0.00) can use edge processing - Decision appropriate
2025-10-19 13:27:07.634241,dqn_agent,0,0,True,✅ Low sepsis risk (0.20) can use edge processing - Decision appropriate
2025-10-19 13:27:07.750973,dqn_agent,1,0,False,❌ Low sepsis risk (0.00) can use edge processing - Decision suboptimal
2025-10-19 13:27:07.867704,dqn_agent,0,0,True,✅ Low sepsis risk (0.00) can use edge processing - Decision appropriate
2025-10-19 13:27:07.984436,dqn_agent,1,0,False,❌ Low sepsis risk (0.10) can use edge processing - Decision suboptimal
2025-10-19 13:27:08.101167,dqn_agent,1,0,False,❌ Low sepsis risk (0.00) can use edge processing - Decision suboptimal
2025-10-19 13:27:08.217899,dqn_agent,0,0,True,✅ Low sepsis risk (0.00) can use edge processing - Decision appropriate
2025-10-19 13:27:08.334630,dqn_agent,1,0,False,❌ Low sepsis risk (0.00) can use edge processing - Decision suboptimal
2025-10-19 13:27:08.451362,dqn_agent,0,0,True,✅ Low sepsis risk (0.00) can use edge processing - Decision appropriate
2025-10-19 13:27:08.568093,dqn_agent,0,0,True,✅ Low sepsis risk (0.00) can use edge processing - Decision appropriate
2025-10-19 13:27:08.684825,dqn_agent,1,1,True,✅ Moderate sepsis risk (0.30) benefits from cloud accuracy - Decision appropriate
2025-10-19 13:27:08.801556,dqn_agent,0,0,True,✅ Low sepsis risk (0.00) can use edge processing - Decision appropriate
2025-10-19 13:27:08.918288,dqn_agent,1,0,False,❌ Low sepsis risk (0.00) can use edge processing - Decision suboptimal
2025-10-19 13:27:09.035019,dqn_agent,1,0,False,❌ Low sepsis risk (0.16) can use edge processing - Decision suboptimal
2025-10-19 13:27:09.151751,dqn_agent,1,0,False,❌ Low sepsis risk (0.00) can use edge processing - Decision suboptimal
2025-10-19 13:27:09.268482,dqn_agent,1,0,False,❌ Low sepsis risk (0.00) can use edge processing - Decision suboptimal
2025-10-19 13:27:09.385214,dqn_agent,1,0,False,❌ Low sepsis risk (0.04) can use edge processing - Decision suboptimal
2025-10-19 13:27:09.501946,dqn_agent,1,0,False,❌ Low sepsis risk (0.00) can use edge processing - Decision suboptimal
2025-10-19 13:27:09.618677,dqn_agent,1,0,False,❌ Low sepsis risk (0.00) can use edge processing - Decision suboptimal
2025-10-19 13:27:09.735409,dqn_agent,1,0,False,❌ Low sepsis risk (0.00) can use edge processing - Decision suboptimal
2025-10-19 13:27:09.852140,dqn_agent,0,0,True,✅ Low sepsis risk (0.24) can use edge processing - Decision appropriate
2025-10-19 13:27:09.968872,dqn_agent,1,0,False,❌ Low sepsis risk (0.00) can use edge processing - Decision suboptimal
2025-10-19 13:27:10.085603,dqn_agent,1,0,False,❌ Low sepsis risk (0.00) can use edge processing - Decision suboptimal
2025-10-19 13:27:10.202335,dqn_agent,1,0,False,❌ Low sepsis risk (0.00) can use edge processing - Decision suboptimal
2025-10-19 13:27:10.319066,dqn_agent,0,0,True,✅ Low sepsis risk (0.00) can use edge processing - Decision appropriate
2025-10-19 13:27:10.435798,dqn_agent,1,0,False,❌ Low sepsis risk (0.14) can use edge processing - Decision suboptimal
2025-10-19 13:27:10.552529,dqn_agent,0,0,True,✅ Low sepsis risk (0.00) can use edge processing - Decision appropriate
2025-10-19 13:27:10.669261,dqn_agent,0,0,True,✅ Low sepsis risk (0.00) can use edge processing - Decision appropriate
2025-10-19 13:27:10.785992,dqn_agent,0,0,True,✅ Low sepsis risk (0.00) can use edge processing - Decision appropriate
2025-10-19 13:27:10.902724,dqn_agent,1,0,False,❌ Low sepsis risk (0.00) can use edge processing - Decision suboptimal
2025-10-19 13:27:11.019455,dqn_agent,1,0,False,❌ Low sepsis risk (0.00) can use edge processing - Decision suboptimal
2025-10-19 13:27:11.136187,dqn_agent,1,0,False,❌ Low sepsis risk (0.20) can use edge processing - Decision suboptimal
2025-10-19 13:27:11.252918,dqn_agent,1,0,False,❌ Low sepsis risk (0.00) can use edge processing - Decision suboptimal
2025-10-19 13:27:11.369650,dqn_agent,0,0,True,✅ Low sepsis risk (0.00) can use edge processing - Decision appropriate
2025-10-19 13:27:11.486381,dqn_agent,1,0,False,❌ Low sepsis risk (0.10) can use edge processing - Decision suboptimal
2025-10-19 13:27:11.603113,dqn_agent,1,0,False,❌ Low sepsis risk (0.00) can use edge processing - Decision suboptimal
2025-10-19 13:27:11.719844,dqn_agent,1,0,False,❌ Low sepsis risk (0.00) can use edge processing - Decision suboptimal
2025-10-19 13:27:11.836576,dqn_agent,1,0,False,❌ Low sepsis risk (0.00) can use edge processing - Decision suboptimal
2025-10-19 13:27:11.953307,dqn_agent,1,0,False,❌ Low sepsis risk (0.00) can use edge processing - Decision suboptimal
2025-10-19 13:27:12.070039,dqn_agent,1,0,False,❌ Low sepsis risk (0.00) can use edge processing - Decision suboptimal
2025-10-19 13:27:12.186770,dqn_agent,1,1,True,✅ Moderate sepsis risk (0.30) benefits from cloud accuracy - Decision appropriate
2025-10-19 13:27:12.303502,dqn_agent,0,0,True,✅ Low sepsis risk (0.00) can use edge processing - Decision appropriate
2025-10-19 13:27:12.420233,dqn_agent,1,0,False,❌ Low sepsis risk (0.00) can use edge processing - Decision suboptimal
2025-10-19 13:27:12.536965,dqn_agent,1,0,False,❌ Low sepsis risk (0.16) can use edge processing - Decision suboptimal
2025-10-19 13:27:12.653696,dqn_agent,0,0,True,✅ Low sepsis risk (0.00) can use edge processing - Decision appropriate
2025-10-19 13:27:12.770428,dqn_agent,1,0,False,❌ Low sepsis risk (0.00) can use edge processing - Decision suboptimal
2025-10-19 13:27:12.887160,dqn_agent,1,0,False,❌ Low sepsis risk (0.04) can use edge processing - Decision suboptimal
2025-10-19 13:27:13.003891,dqn_agent,0,0,True,✅ Low sepsis risk (0.00) can use edge processing - Decision appropriate
2025-10-19 13:27:13.120623,dqn_agent,1,0,False,❌ Low sepsis risk (0.00) can use edge processing - Decision suboptimal
2025-10-19 13:27:13.237354,dqn_agent,0,0,True,✅ Low sepsis risk (0.00) can use edge processing - Decision appropriate
2025-10-19 13:27:13.354086,dqn_agent,0,0,True,✅ Low sepsis risk (0.24) can use edge processing - Decision appropriate
2025-10-19 13:27:13.470817,dqn_agent,0,0,True,✅ Low sepsis risk (0.00) can use edge processing - Decision appropriate
2025-10-19 13:27:13.587549,dqn_agent,1,0,False,❌ Low sepsis risk (0.00) can use edge processing - Decision suboptimal
2025-10-19 13:27:13.704280,dqn_agent,1,0,False,❌ Low sepsis risk (0.00) can use edge processing - Decision suboptimal
2025-10-19 13:27:13.821012,dqn_agent,0,0,True,✅ Low sepsis risk (0.00) can use edge processing - Decision appropriate
2025-10-19 13:27:13.937743,dqn_agent,1,0,False,❌ Low sepsis risk (0.14) can use edge processing - Decision suboptimal
2025-10-19 13:27:14.054475,dqn_agent,0,0,True,✅ Low sepsis risk (0.00) can use edge processing - Decision appropriate
2025-10-19 13:27:14.171206,dqn_agent,1,0,False,❌ Low sepsis risk (0.00) can use edge processing - Decision suboptimal
2025-10-19 13:27:14.287938,dqn_agent,1,0,False,❌ Low sepsis risk (0.00) can use edge processing - Decision suboptimal
2025-10-19 13:27:14.404669,dqn_agent,0,0,True,✅ Low sepsis risk (0.00) can use edge processing - Decision appropriate
2025-10-19 13:27:14.521401,dqn_agent,0,0,True,✅ Low sepsis risk (0.00) can use edge processing - Decision appropriate
2025-10-19 13:27:14.638132,dqn_agent,0,0,True,✅ Low sepsis risk (0.20) can use edge processing - Decision appropriate
2025-10-19 13:27:14.754864,dqn_agent,0,0,True,✅ Low sepsis risk (0.00) can use edge processing - Decision appropriate
2025-10-19 13:27:14.871595,dqn_agent,0,0,True,✅ Low sepsis risk (0.00) can use edge processing - Decision appropriate
2025-10-19 13:27:14.988327,dqn_agent,0,0,True,✅ Low sepsis risk (0.10) can use edge processing - Decision appropriate
2025-10-19 13:27:15.105058,dqn_agent,1,0,False,❌ Low sepsis risk (0.00) can use edge processing - Decision suboptimal
2025-10-19 13:27:15.221790,dqn_agent,1,0,False,❌ Low sepsis risk (0.00) can use edge processing - Decision suboptimal
2025-10-19 13:27:15.338521,dqn_agent,0,0,True,✅ Low sepsis risk (0.00) can use edge processing - Decision appropriate
2025-10-19 13:27:15.455253,dqn_agent,1,0,False,❌ Low sepsis risk (0.00) can use edge processing - Decision suboptimal
2025-10-19 13:27:15.571984,dqn_agent,1,0,False,❌ Low sepsis risk (0.00) can use edge processing - Decision suboptimal
2025-10-19 13:27:15.688716,dqn_agent,0,1,False,❌ Moderate sepsis risk (0.30) benefits from cloud accuracy - Decision suboptimal
2025-10-19 13:27:15.805447,dqn_agent,1,0,False,❌ Low sepsis risk (0.00) can use edge processing - Decision suboptimal
2025-10-19 13:27:15.922179,dqn_agent,1,0,False,❌ Low sepsis risk (0.00) can use edge processing - Decision suboptimal
2025-10-19 13:27:16.038911,dqn_agent,1,0,False,❌ Low sepsis risk (0.16) can use edge processing - Decision suboptimal
2025-10-19 13:27:16.155642,dqn_agent,0,0,True,✅ Low sepsis risk (0.00) can use edge processing - Decision appropriate
2025-10-19 13:27:16.272374,dqn_agent,1,0,False,❌ Low sepsis risk (0.00) can use edge processing - Decision suboptimal
2025-10-19 13:27:16.389105,dqn_agent,0,0,True,✅ Low sepsis risk (0.04) can use edge processing - Decision appropriate
2025-10-19 13:27:16.505837,dqn_agent,0,0,True,✅ Low sepsis risk (0.00) can use edge processing - Decision appropriate
2025-10-19 13:27:16.622568,dqn_agent,1,0,False,❌ Low sepsis risk (0.00) can use edge processing - Decision suboptimal
2025-10-19 13:27:16.739300,dqn_agent,1,0,False,❌ Low sepsis risk (0.00) can use edge processing - Decision suboptimal
2025-10-19 13:27:16.856031,dqn_agent,1,0,False,❌ Low sepsis risk (0.24) can use edge processing - Decision suboptimal
2025-10-19 13:27:16.972763,dqn_agent,0,0,True,✅ Low sepsis risk (0.00) can use edge processing - Decision appropriate
2025-10-19 13:27:17.089494,dqn_agent,0,0,True,✅ Low sepsis risk (0.00) can use edge processing - Decision appropriate
2025-10-19 13:27:17.206226,dqn_agent,1,0,False,❌ Low sepsis risk (0.00) can use edge processing - Decision suboptimal
2025-10-19 13:27:17.322957,dqn_agent,0,0,True,✅ Low sepsis risk (0.00) can use edge processing - Decision appropriate
2025-10-19 13:27:17.439689,dqn_agent,1,0,False,❌ Low sepsis risk (0.14) can use edge processing - Decision suboptimal
2025-10-19 13:27:17.556420,dqn_agent,0,0,True,✅ Low sepsis risk (0.00) can use edge processing - Decision appropriate
2025-10-19 13:27:17.673152,dqn_agent,0,0,True,✅ Low sepsis risk (0.00) can use edge processing - Decision appropriate
2025-10-19 13:27:17.789883,dqn_agent,0,0,True,✅ Low sepsis risk (0.00) can use edge processing - Decision appropriate
2025-10-19 13:27:17.906615,dqn_agent,0,0,True,✅ Low sepsis risk (0.00) can use edge processing - Decision appropriate
2025-10-19 13:27:18.023346,dqn_agent,0,0,True,✅ Low sepsis risk (0.00) can use edge processing - Decision appropriate
2025-10-19 13:27:18.140078,dqn_agent,1,0,False,❌ Low sepsis risk (0.20) can use edge processing - Decision suboptimal
2025-10-19 13:27:18.256809,dqn_agent,0,0,True,✅ Low sepsis risk (0.00) can use edge processing - Decision appropriate
2025-10-19 13:27:18.373541,dqn_agent,1,0,False,❌ Low sepsis risk (0.00) can use edge processing - Decision suboptimal
2025-10-19 13:27:18.490272,dqn_agent,0,0,True,✅ Low sepsis risk (0.10) can use edge processing - Decision appropriate
2025-10-19 13:27:18.607004,dqn_agent,0,0,True,✅ Low sepsis risk (0.00) can use edge processing - Decision appropriate
2025-10-19 13:27:18.723735,dqn_agent,0,0,True,✅ Low sepsis risk (0.00) can use edge processing - Decision appropriate
2025-10-19 13:27:18.840467,dqn_agent,0,0,True,✅ Low sepsis risk (0.00) can use edge processing - Decision appropriate
2025-10-19 13:27:18.957198,dqn_agent,0,0,True,✅ Low sepsis risk (0.00) can use edge processing - Decision appropriate
2025-10-19 13:27:19.073930,dqn_agent,0,0,True,✅ Low sepsis risk (0.00) can use edge processing - Decision appropriate
2025-10-19 13:27:19.190661,dqn_agent,1,1,True,✅ Moderate sepsis risk (0.30) benefits from cloud accuracy - Decision appropriate
2025-10-19 13:27:19.307393,dqn_agent,1,0,False,❌ Low sepsis risk (0.00) can use edge processing - Decision suboptimal
2025-10-19 13:27:19.424125,dqn_agent,1,0,False,❌ Low sepsis risk (0.00) can use edge processing - Decision suboptimal
2025-10-19 13:27:19.540856,dqn_agent,1,0,False,❌ Low sepsis risk (0.16) can use edge processing - Decision suboptimal
2025-10-19 13:27:19.657588,dqn_agent,0,0,True,✅ Low sepsis risk (0.00) can use edge processing - Decision appropriate
2025-10-19 13:27:19.774319,dqn_agent,0,0,True,✅ Low sepsis risk (0.00) can use edge processing - Decision appropriate
2025-10-19 13:27:19.891051,dqn_agent,0,0,True,✅ Low sepsis risk (0.04) can use edge processing - Decision appropriate
2025-10-19 13:27:20.007782,dqn_agent,1,0,False,❌ Low sepsis risk (0.00) can use edge processing - Decision suboptimal
2025-10-19 13:27:20.124514,dqn_agent,0,0,True,✅ Low sepsis risk (0.00) can use edge processing - Decision appropriate
2025-10-19 13:27:20.241245,dqn_agent,0,0,True,✅ Low sepsis risk (0.00) can use edge processing - Decision appropriate
2025-10-19 13:27:20.357977,dqn_agent,1,0,False,❌ Low sepsis risk (0.24) can use edge processing - Decision suboptimal
2025-10-19 13:27:20.474708,dqn_agent,0,0,True,✅ Low sepsis risk (0.00) can use edge processing - Decision appropriate
2025-10-19 13:27:20.591440,dqn_agent,1,0,False,❌ Low sepsis risk (0.00) can use edge processing - Decision suboptimal
2025-10-19 13:27:20.708171,dqn_agent,0,0,True,✅ Low sepsis risk (0.00) can use edge processing - Decision appropriate
2025-10-19 13:27:20.824903,dqn_agent,0,0,True,✅ Low sepsis risk (0.00) can use edge processing - Decision appropriate
2025-10-19 13:27:20.941634,dqn_agent,1,0,False,❌ Low sepsis risk (0.14) can use edge processing - Decision suboptimal
2025-10-19 13:27:21.058366,dqn_agent,1,0,False,❌ Low sepsis risk (0.00) can use edge processing - Decision suboptimal
2025-10-19 13:27:21.175097,dqn_agent,1,0,False,❌ Low sepsis risk (0.00) can use edge processing - Decision suboptimal
2025-10-19 13:27:21.291829,dqn_agent,0,0,True,✅ Low sepsis risk (0.00) can use edge processing - Decision appropriate
2025-10-19 13:27:21.408560,dqn_agent,1,0,False,❌ Low sepsis risk (0.00) can use edge processing - Decision suboptimal
2025-10-19 13:27:21.525292,dqn_agent,0,0,True,✅ Low sepsis risk (0.00) can use edge processing - Decision appropriate
2025-10-19 13:27:21.642023,dqn_agent,1,0,False,❌ Low sepsis risk (0.20) can use edge processing - Decision suboptimal
2025-10-19 13:27:21.758755,dqn_agent,0,0,True,✅ Low sepsis risk (0.00) can use edge processing - Decision appropriate
2025-10-19 13:27:21.875486,dqn_agent,1,0,False,❌ Low sepsis risk (0.00) can use edge processing - Decision suboptimal
2025-10-19 13:27:21.992218,dqn_agent,1,0,False,❌ Low sepsis risk (0.10) can use edge processing - Decision suboptimal
2025-10-19 13:27:22.108949,dqn_agent,1,0,False,❌ Low sepsis risk (0.00) can use edge processing - Decision suboptimal
2025-10-19 13:27:22.225681,dqn_agent,0,0,True,✅ Low sepsis risk (0.00) can use edge processing - Decision appropriate
2025-10-19 13:27:22.342412,dqn_agent,1,0,False,❌ Low sepsis risk (0.00) can use edge processing - Decision suboptimal
2025-10-19 13:27:22.459144,dqn_agent,0,0,True,✅ Low sepsis risk (0.00) can use edge processing - Decision appropriate
2025-10-19 13:27:22.575875,dqn_agent,0,0,True,✅ Low sepsis risk (0.00) can use edge processing - Decision appropriate
2025-10-19 13:27:22.692607,dqn_agent,1,1,True,✅ Moderate sepsis risk (0.30) benefits from cloud accuracy - Decision appropriate
2025-10-19 13:27:22.809339,dqn_agent,1,0,False,❌ Low sepsis risk (0.00) can use edge processing - Decision suboptimal
2025-10-19 13:27:22.926070,dqn_agent,1,0,False,❌ Low sepsis risk (0.00) can use edge processing - Decision suboptimal
2025-10-19 13:27:23.042802,dqn_agent,0,0,True,✅ Low sepsis risk (0.16) can use edge processing - Decision appropriate
2025-10-19 13:27:23.159533,dqn_agent,0,0,True,✅ Low sepsis risk (0.00) can use edge processing - Decision appropriate
2025-10-19 13:27:23.276265,dqn_agent,1,0,False,❌ Low sepsis risk (0.00) can use edge processing - Decision suboptimal
2025-10-19 13:27:23.392996,dqn_agent,0,0,True,✅ Low sepsis risk (0.04) can use edge processing - Decision appropriate
2025-10-19 13:27:23.509728,dqn_agent,0,0,True,✅ Low sepsis risk (0.00) can use edge processing - Decision appropriate
2025-10-19 13:27:23.626459,dqn_agent,0,0,True,✅ Low sepsis risk (0.00) can use edge processing - Decision appropriate
2025-10-19 13:27:23.743191,dqn_agent,1,0,False,❌ Low sepsis risk (0.00) can use edge processing - Decision suboptimal
2025-10-19 13:27:23.859922,dqn_agent,0,0,True,✅ Low sepsis risk (0.24) can use edge processing - Decision appropriate
2025-10-19 13:27:23.976654,dqn_agent,1,0,False,❌ Low sepsis risk (0.00) can use edge processing - Decision suboptimal
2025-10-19 13:27:24.093385,dqn_agent,1,0,False,❌ Low sepsis risk (0.00) can use edge processing - Decision suboptimal
2025-10-19 13:27:24.210117,dqn_agent,0,0,True,✅ Low sepsis risk (0.00) can use edge processing - Decision appropriate
2025-10-19 13:27:24.326848,dqn_agent,0,0,True,✅ Low sepsis risk (0.00) can use edge processing - Decision appropriate
2025-10-19 13:27:24.443580,dqn_agent,1,0,False,❌ Low sepsis risk (0.14) can use edge processing - Decision suboptimal
2025-10-19 13:27:24.560311,dqn_agent,0,0,True,✅ Low sepsis risk (0.00) can use edge processing - Decision appropriate
2025-10-19 13:27:24.677043,dqn_agent,0,0,True,✅ Low sepsis risk (0.00) can use edge processing - Decision appropriate
2025-10-19 13:27:24.793774,dqn_agent,0,0,True,✅ Low sepsis risk (0.00) can use edge processing - Decision appropriate
2025-10-19 13:27:24.910506,dqn_agent,0,0,True,✅ Low sepsis risk (0.00) can use edge processing - Decision appropriate
2025-10-19 13:27:25.027237,dqn_agent,1,0,False,❌ Low sepsis risk (0.00) can use edge processing - Decision suboptimal
2025-10-19 13:27:25.143969,dqn_agent,1,0,False,❌ Low sepsis risk (0.20) can use edge processing - Decision suboptimal
2025-10-19 13:27:25.260700,dqn_agent,0,0,True,✅ Low sepsis risk (0.00) can use edge processing - Decision appropriate
2025-10-19 13:27:25.377432,dqn_agent,0,0,True,✅ Low sepsis risk (0.00) can use edge processing - Decision appropriate
2025-10-19 13:27:25.494163,dqn_agent,0,0,True,✅ Low sepsis risk (0.10) can use edge processing - Decision appropriate
2025-10-19 13:27:25.610895,dqn_agent,0,0,True,✅ Low sepsis risk (0.00) can use edge processing - Decision appropriate
2025-10-19 13:27:25.727626,dqn_agent,1,0,False,❌ Low sepsis risk (0.00) can use edge processing - Decision suboptimal
2025-10-19 13:27:25.844358,dqn_agent,1,0,False,❌ Low sepsis risk (0.00) can use edge processing - Decision suboptimal
2025-10-19 13:27:25.961089,dqn_agent,1,0,False,❌ Low sepsis risk (0.00) can use edge processing - Decision suboptimal
2025-10-19 13:27:26.077821,dqn_agent,1,0,False,❌ Low sepsis risk (0.00) can use edge processing - Decision suboptimal
2025-10-19 13:27:26.194553,dqn_agent,1,1,True,✅ Moderate sepsis risk (0.30) benefits from cloud accuracy - Decision appropriate
2025-10-19 13:27:26.311284,dqn_agent,0,0,True,✅ Low sepsis risk (0.00) can use edge processing - Decision appropriate
2025-10-19 13:27:26.428016,dqn_agent,0,0,True,✅ Low sepsis risk (0.00) can use edge processing - Decision appropriate
2025-10-19 13:27:26.544747,dqn_agent,1,0,False,❌ Low sepsis risk (0.16) can use edge processing - Decision suboptimal
2025-10-19 13:27:26.661479,dqn_agent,0,0,True,✅ Low sepsis risk (0.00) can use edge processing - Decision appropriate
2025-10-19 13:27:26.778210,dqn_agent,0,0,True,✅ Low sepsis risk (0.00) can use edge processing - Decision appropriate
2025-10-19 13:27:26.894942,dqn_agent,1,0,False,❌ Low sepsis risk (0.04) can use edge processing - Decision suboptimal
2025-10-19 13:27:27.011673,dqn_agent,0,0,True,✅ Low sepsis risk (0.00) can use edge processing - Decision appropriate
2025-10-19 13:27:27.128405,dqn_agent,0,0,True,✅ Low sepsis risk (0.00) can use edge processing - Decision appropriate
2025-10-19 13:27:27.245136,dqn_agent,1,0,False,❌ Low sepsis risk (0.00) can use edge processing - Decision suboptimal
2025-10-19 13:27:27.361868,dqn_agent,0,0,True,✅ Low sepsis risk (0.24) can use edge processing - Decision appropriate
2025-10-19 13:27:27.478599,dqn_agent,0,0,True,✅ Low sepsis risk (0.00) can use edge processing - Decision appropriate
2025-10-19 13:27:27.595331,dqn_agent,0,0,True,✅ Low sepsis risk (0.00) can use edge processing - Decision appropriate
2025-10-19 13:27:27.712062,dqn_agent,0,0,True,✅ Low sepsis risk (0.00) can use edge processing - Decision appropriate
2025-10-19 13:27:27.828794,dqn_agent,0,0,True,✅ Low sepsis risk (0.00) can use edge processing - Decision appropriate
2025-10-19 13:27:27.945525,dqn_agent,0,0,True,✅ Low sepsis risk (0.14) can use edge processing - Decision appropriate
2025-10-19 13:27:28.062257,dqn_agent,0,0,True,✅ Low sepsis risk (0.00) can use edge processing - Decision appropriate
2025-10-19 13:27:28.178988,dqn_agent,1,0,False,❌ Low sepsis risk (0.00) can use edge processing - Decision suboptimal
2025-10-19 13:27:28.295720,dqn_agent,1,0,False,❌ Low sepsis risk (0.00) can use edge processing - Decision suboptimal
2025-10-19 13:27:28.412451,dqn_agent,1,0,False,❌ Low sepsis risk (0.00) can use edge processing - Decision suboptimal
2025-10-19 13:27:28.529183,dqn_agent,0,0,True,✅ Low sepsis risk (0.00) can use edge processing - Decision appropriate
2025-10-19 13:27:28.645914,dqn_agent,0,0,True,✅ Low sepsis risk (0.20) can use edge processing - Decision appropriate
2025-10-19 13:27:28.762646,dqn_agent,0,0,True,✅ Low sepsis risk (0.00) can use edge processing - Decision appropriate
2025-10-19 13:27:28.879377,dqn_agent,0,0,True,✅ Low sepsis risk (0.00) can use edge processing - Decision appropriate
2025-10-19 13:27:28.996109,dqn_agent,0,0,True,✅ Low sepsis risk (0.10) can use edge processing - Decision appropriate
2025-10-19 13:27:29.112840,dqn_agent,0,0,True,✅ Low sepsis risk (0.00) can use edge processing - Decision appropriate
2025-10-19 13:27:29.229572,dqn_agent,0,0,True,✅ Low sepsis risk (0.00) can use edge processing - Decision appropriate
2025-10-19 13:27:29.346304,dqn_agent,1,0,False,❌ Low sepsis risk (0.00) can use edge processing - Decision suboptimal
2025-10-19 13:27:29.463035,dqn_agent,0,0,True,✅ Low sepsis risk (0.00) can use edge processing - Decision appropriate
2025-10-19 13:27:29.579767,dqn_agent,0,0,True,✅ Low sepsis risk (0.00) can use edge processing - Decision appropriate
2025-10-19 13:27:29.696498,dqn_agent,1,1,True,✅ Moderate sepsis risk (0.30) benefits from cloud accuracy - Decision appropriate
2025-10-19 13:27:29.813230,dqn_agent,1,0,False,❌ Low sepsis risk (0.00) can use edge processing - Decision suboptimal
2025-10-19 13:27:29.929961,dqn_agent,0,0,True,✅ Low sepsis risk (0.00) can use edge processing - Decision appropriate
2025-10-19 13:27:30.046693,dqn_agent,1,0,False,❌ Low sepsis risk (0.16) can use edge processing - Decision suboptimal
2025-10-19 13:27:30.163424,dqn_agent,1,0,False,❌ Low sepsis risk (0.00) can use edge processing - Decision suboptimal
2025-10-19 13:27:30.280156,dqn_agent,1,0,False,❌ Low sepsis risk (0.00) can use edge processing - Decision suboptimal
2025-10-19 13:27:30.396887,dqn_agent,1,0,False,❌ Low sepsis risk (0.04) can use edge processing - Decision suboptimal
2025-10-19 13:27:30.513619,dqn_agent,0,0,True,✅ Low sepsis risk (0.00) can use edge processing - Decision appropriate
2025-10-19 13:27:30.630350,dqn_agent,1,0,False,❌ Low sepsis risk (0.00) can use edge processing - Decision suboptimal
2025-10-19 13:27:30.747082,dqn_agent,1,0,False,❌ Low sepsis risk (0.00) can use edge processing - Decision suboptimal
2025-10-19 13:27:30.863813,dqn_agent,1,0,False,❌ Low sepsis risk (0.24) can use edge processing - Decision suboptimal
2025-10-19 13:27:30.980545,dqn_agent,1,0,False,❌ Low sepsis risk (0.00) can use edge processing - Decision suboptimal
2025-10-19 13:27:31.097276,dqn_agent,0,0,True,✅ Low sepsis risk (0.00) can use edge processing - Decision appropriate
2025-10-19 13:27:31.214008,dqn_agent,1,0,False,❌ Low sepsis risk (0.00) can use edge processing - Decision suboptimal
2025-10-19 13:27:31.330739,dqn_agent,1,0,False,❌ Low sepsis risk (0.00) can use edge processing - Decision suboptimal
2025-10-19 13:27:31.447471,dqn_agent,1,0,False,❌ Low sepsis risk (0.14) can use edge processing - Decision suboptimal
2025-10-19 13:27:31.564202,dqn_agent,1,0,False,❌ Low sepsis risk (0.00) can use edge processing - Decision suboptimal
2025-10-19 13:27:31.680934,dqn_agent,0,0,True,✅ Low sepsis risk (0.00) can use edge processing - Decision appropriate
2025-10-19 13:27:31.797665,dqn_agent,0,0,True,✅ Low sepsis risk (0.00) can use edge processing - Decision appropriate
2025-10-19 13:27:31.914397,dqn_agent,1,0,False,❌ Low sepsis risk (0.00) can use edge processing - Decision suboptimal
2025-10-19 13:27:32.031128,dqn_agent,0,0,True,✅ Low sepsis risk (0.00) can use edge processing - Decision appropriate
2025-10-19 13:27:32.147860,dqn_agent,1,0,False,❌ Low sepsis risk (0.20) can use edge processing - Decision suboptimal
2025-10-19 13:27:32.264591,dqn_agent,0,0,True,✅ Low sepsis risk (0.00) can use edge processing - Decision appropriate
2025-10-19 13:27:32.381323,dqn_agent,0,0,True,✅ Low sepsis risk (0.00) can use edge processing - Decision appropriate
2025-10-19 13:27:32.498054,dqn_agent,0,0,True,✅ Low sepsis risk (0.10) can use edge processing - Decision appropriate
2025-10-19 13:27:32.614786,dqn_agent,0,0,True,✅ Low sepsis risk (0.00) can use edge processing - Decision appropriate
2025-10-19 13:27:32.731518,dqn_agent,0,0,True,✅ Low sepsis risk (0.00) can use edge processing - Decision appropriate
2025-10-19 13:27:32.848249,dqn_agent,0,0,True,✅ Low sepsis risk (0.00) can use edge processing - Decision appropriate
2025-10-19 13:27:32.964981,dqn_agent,1,0,False,❌ Low sepsis risk (0.00) can use edge processing - Decision suboptimal
2025-10-19 13:27:33.081712,dqn_agent,0,0,True,✅ Low sepsis risk (0.00) can use edge processing - Decision appropriate
2025-10-19 13:27:33.198444,dqn_agent,1,1,True,✅ Moderate sepsis risk (0.30) benefits from cloud accuracy - Decision appropriate
2025-10-19 13:27:33.315175,dqn_agent,1,0,False,❌ Low sepsis risk (0.00) can use edge processing - Decision suboptimal
2025-10-19 13:27:33.431907,dqn_agent,1,0,False,❌ Low sepsis risk (0.00) can use edge processing - Decision suboptimal
2025-10-19 13:27:33.548638,dqn_agent,1,0,False,❌ Low sepsis risk (0.16) can use edge processing - Decision suboptimal
2025-10-19 13:27:33.665370,dqn_agent,0,0,True,✅ Low sepsis risk (0.00) can use edge processing - Decision appropriate
2025-10-19 13:27:33.782101,dqn_agent,1,0,False,❌ Low sepsis risk (0.00) can use edge processing - Decision suboptimal
2025-10-19 13:27:33.898833,dqn_agent,1,0,False,❌ Low sepsis risk (0.04) can use edge processing - Decision suboptimal
2025-10-19 13:27:34.015564,dqn_agent,0,0,True,✅ Low sepsis risk (0.00) can use edge processing - Decision appropriate
2025-10-19 13:27:34.132296,dqn_agent,0,0,True,✅ Low sepsis risk (0.00) can use edge processing - Decision appropriate
2025-10-19 13:27:34.249027,dqn_agent,0,0,True,✅ Low sepsis risk (0.00) can use edge processing - Decision appropriate
2025-10-19 13:27:34.365759,dqn_agent,1,0,False,❌ Low sepsis risk (0.24) can use edge processing - Decision suboptimal
2025-10-19 13:27:34.482490,dqn_agent,0,0,True,✅ Low sepsis risk (0.00) can use edge processing - Decision appropriate
2025-10-19 13:27:34.599222,dqn_agent,0,0,True,✅ Low sepsis risk (0.00) can use edge processing - Decision appropriate
2025-10-19 13:27:34.715953,dqn_agent,1,0,False,❌ Low sepsis risk (0.00) can use edge processing - Decision suboptimal
2025-10-19 13:27:34.832685,dqn_agent,0,0,True,✅ Low sepsis risk (0.00) can use edge processing - Decision appropriate
2025-10-19 13:27:34.949416,dqn_agent,1,0,False,❌ Low sepsis risk (0.14) can use edge processing - Decision suboptimal
2025-10-19 13:27:35.066148,dqn_agent,0,0,True,✅ Low sepsis risk (0.00) can use edge processing - Decision appropriate
2025-10-19 13:27:35.182879,dqn_agent,0,0,True,✅ Low sepsis risk (0.00) can use edge processing - Decision appropriate
2025-10-19 13:27:35.299611,dqn_agent,1,0,False,❌ Low sepsis risk (0.00) can use edge processing - Decision suboptimal
2025-10-19 13:27:35.416342,dqn_agent,1,0,False,❌ Low sepsis risk (0.00) can use edge processing - Decision suboptimal
2025-10-19 13:27:35.533074,dqn_agent,1,0,False,❌ Low sepsis risk (0.00) can use edge processing - Decision suboptimal
2025-10-19 13:27:35.649805,dqn_agent,1,0,False,❌ Low sepsis risk (0.20) can use edge processing - Decision suboptimal
2025-10-19 13:27:35.766537,dqn_agent,1,0,False,❌ Low sepsis risk (0.00) can use edge processing - Decision suboptimal
2025-10-19 13:27:35.883268,dqn_agent,0,0,True,✅ Low sepsis risk (0.00) can use edge processing - Decision appropriate
2025-10-19 13:27:36.000000,dqn_agent,1,0,False,❌ Low sepsis risk (0.10) can use edge processing - Decision suboptimal
2025-10-19 13:26:36.000000,dqn_agent,0,0,True,✅ Low sepsis risk (0.00) can use edge processing - Decision appropriate
2025-10-19 13:26:36.116732,dqn_agent,0,0,True,✅ Low sepsis risk (0.00) can use edge processing - Decision appropriate
2025-10-19 13:26:36.233463,dqn_agent,0,0,True,✅ Low sepsis risk (0.00) can use edge processing - Decision appropriate
2025-10-19 13:26:36.350195,dqn_agent,0,0,True,✅ Low sepsis risk (0.00) can use edge processing - Decision appropriate
2025-10-19 13:26:36.466926,dqn_agent,1,0,False,❌ Low sepsis risk (0.00) can use edge processing - Decision suboptimal
2025-10-19 13:26:36.583658,dqn_agent,0,1,False,❌ Moderate sepsis risk (0.30) benefits from cloud accuracy - Decision suboptimal
2025-10-19 13:26:36.700389,dqn_agent,0,0,True,✅ Low sepsis risk (0.00) can use edge processing - Decision appropriate
2025-10-19 13:26:36.817121,dqn_agent,1,0,False,❌ Low sepsis risk (0.00) can use edge processing - Decision suboptimal
2025-10-19 13:26:36.933852,dqn_agent,1,0,False,❌ Low sepsis risk (0.16) can use edge processing - Decision suboptimal
2025-10-19 13:26:37.050584,dqn_agent,0,0,True,✅ Low sepsis risk (0.00) can use edge processing - Decision appropriate
