timestamp,agent_id,reward,loss,epsilon,rolling_reward,rolling_loss
2025-10-19 13:05:31.000000,ward_0,6.304176516942475,0.1,1.0,,
2025-10-19 13:05:31.117647,ward_1,6.304176516942475,0.09990004998333751,0.995,,
2025-10-19 13:05:31.235294,ward_2,6.304176516942475,0.09980019986673332,0.990025,,
2025-10-19 13:05:31.352941,ward_0,6.304176516942475,0.0997004495503373,0.985074875,,
2025-10-19 13:05:31.470588,ward_1,6.304176516942475,0.09960079893439916,0.980149500625,,
2025-10-19 13:05:31.588235,ward_2,6.304176516942475,0.09950124791926823,0.975248753121875,,
2025-10-19 13:05:31.705882,ward_0,6.304176516942475,0.09940179640539354,0.9703725093562656,,
2025-10-19 13:05:31.823529,ward_1,6.304176516942475,0.09930244429332352,0.9655206468094842,,
2025-10-19 13:05:31.941176,ward_2,6.304176516942475,0.09920319148370607,0.9606930435754368,,
2025-10-19 13:05:32.058824,ward_0,6.304176516942475,0.09910403787728837,0.9558895783575596,,
2025-10-19 13:05:32.176471,ward_1,6.304176516942475,0.09900498337491681,0.9511101304657719,,
2025-10-19 13:05:32.294118,ward_2,6.304176516942475,0.09890602787753688,0.946354579813443,,
2025-10-19 13:05:32.411765,ward_0,6.304176516942475,0.09880717128619305,0.9416228069143757,,
2025-10-19 13:05:32.529412,ward_1,6.304176516942475,0.09870841350202876,0.9369146928798039,,
2025-10-19 13:05:32.647059,ward_2,6.304176516942475,0.0986097544262862,0.9322301194154049,,
2025-10-19 13:05:32.764706,ward_0,6.304176516942475,0.09851119396030628,0.9275689688183278,,
2025-10-19 13:05:32.882353,ward_1,6.304176516942475,0.09841273200552852,0.9229311239742362,,
2025-10-19 13:05:33.000000,ward_2,6.304176516942475,0.09831436846349097,0.918316468354365,,
2025-10-19 13:05:33.117647,ward_0,6.304176516942475,0.09821610323583008,0.9137248860125932,,
2025-10-19 13:05:33.235294,ward_1,6.304176516942475,0.09811793622428061,0.9091562615825302,,
2025-10-19 13:05:33.352941,ward_2,6.304176516942475,0.09801986733067553,0.9046104802746175,,
2025-10-19 13:05:33.470588,ward_0,6.304176516942475,0.09792189645694596,0.9000874278732445,,
2025-10-19 13:05:33.588235,ward_1,6.304176516942475,0.09782402350512101,0.8955869907338783,,
2025-10-19 13:05:33.705882,ward_2,6.304176516942475,0.09772624837732771,0.8911090557802088,,
2025-10-19 13:05:33.823529,ward_0,6.304176516942475,0.09762857097579093,0.8866535105013078,,
2025-10-19 13:05:33.941176,ward_1,6.304176516942475,0.09753099120283326,0.8822202429488012,,
2025-10-19 13:05:34.058824,ward_2,6.304176516942475,0.09743350896087494,0.8778091417340572,,
2025-10-19 13:05:34.176471,ward_0,6.304176516942475,0.09733612415243369,0.873420096025387,,
2025-10-19 13:05:34.294118,ward_1,6.304176516942475,0.09723883668012469,0.86905299554526,,
2025-10-19 13:05:34.411765,ward_2,6.304176516942475,0.09714164644666048,0.8647077305675337,,
2025-10-19 13:05:34.529412,ward_0,6.304176516942475,0.09704455335485082,0.8603841919146961,,
2025-10-19 13:05:34.647059,ward_1,6.304176516942475,0.0969475573076026,0.8560822709551226,,
2025-10-19 13:05:34.764706,ward_2,6.304176516942475,0.09685065820791977,0.8518018596003469,,
2025-10-19 13:05:34.882353,ward_0,6.304176516942475,0.0967538559589032,0.8475428503023452,,
2025-10-19 13:05:35.000000,ward_1,6.304176516942475,0.09665715046375067,0.8433051360508335,,
2025-10-19 13:05:35.117647,ward_2,6.304176516942475,0.09656054162575665,0.8390886103705792,,
2025-10-19 13:05:35.235294,ward_0,6.304176516942475,0.09646402934831232,0.8348931673187264,,
2025-10-19 13:05:35.352941,ward_1,6.304176516942475,0.09636761353490536,0.8307187014821328,,
2025-10-19 13:05:35.470588,ward_2,6.304176516942475,0.09627129408911995,0.826565107974722,,
2025-10-19 13:05:35.588235,ward_0,6.304176516942475,0.09617507091463667,0.8224322824348484,,
2025-10-19 13:05:35.705882,ward_1,6.304176516942475,0.09607894391523232,0.8183201210226743,,
2025-10-19 13:05:35.823529,ward_2,6.304176516942475,0.0959829129947799,0.8142285204175609,,
2025-10-19 13:05:35.941176,ward_0,6.304176516942475,0.09588697805724845,0.810157377815473,,
2025-10-19 13:05:36.058824,ward_1,6.304176516942475,0.09579113900670307,0.8061065909263957,,
2025-10-19 13:05:36.176471,ward_2,6.304176516942475,0.09569539574730468,0.8020760579717637,,
2025-10-19 13:05:36.294118,ward_0,6.304176516942475,0.09559974818331,0.7980656776819048,,
2025-10-19 13:05:36.411765,ward_1,6.304176516942475,0.09550419621907147,0.7940753492934953,,
2025-10-19 13:05:36.529412,ward_2,6.304176516942475,0.09540873975903712,0.7901049725470278,,
2025-10-19 13:05:36.647059,ward_0,6.304176516942475,0.09531337870775047,0.7861544476842928,,
2025-10-19 13:05:36.764706,ward_1,6.304176516942475,0.0952181129698505,0.7822236754458712,,
2025-10-19 13:05:36.882353,ward_2,6.304176516942475,0.09512294245007141,0.7783125570686419,,
2025-10-19 13:05:37.000000,ward_0,6.304176516942475,0.0950278670532427,0.7744209942832987,,
2025-10-19 13:05:37.117647,ward_1,6.304176516942475,0.09493288668428895,0.7705488893118821,,
2025-10-19 13:05:37.235294,ward_2,6.304176516942475,0.09483800124822983,0.7666961448653228,,
2025-10-19 13:05:37.352941,ward_0,6.304176516942475,0.09474321065017983,0.7628626641409961,,
2025-10-19 13:05:37.470588,ward_1,6.304176516942475,0.09464851479534839,0.7590483508202912,,
2025-10-19 13:05:37.588235,ward_2,6.304176516942475,0.09455391358903964,0.7552531090661897,,
2025-10-19 13:05:37.705882,ward_0,6.304176516942475,0.09445940693665233,0.7514768435208588,,
2025-10-19 13:05:37.823529,ward_1,6.304176516942475,0.09436499474367986,0.7477194593032545,,
2025-10-19 13:05:37.941176,ward_2,6.304176516942475,0.09427067691570998,0.7439808620067382,,
2025-10-19 13:05:38.058824,ward_0,6.304176516942475,0.09417645335842488,0.7402609576967045,,
2025-10-19 13:05:38.176471,ward_1,6.304176516942475,0.09408232397760097,0.736559652908221,,
2025-10-19 13:05:38.294118,ward_2,6.304176516942475,0.0939882886791089,0.7328768546436799,,
2025-10-19 13:05:38.411765,ward_0,6.304176516942475,0.09389434736891333,0.7292124703704614,,
2025-10-19 13:05:38.529412,ward_1,6.304176516942475,0.09380049995307295,0.7255664080186092,,
2025-10-19 13:05:38.647059,ward_2,6.304176516942475,0.09370674633774034,0.7219385759785161,,
2025-10-19 13:05:38.764706,ward_0,6.304176516942475,0.09361308642916188,0.7183288830986235,,
2025-10-19 13:05:38.882353,ward_1,6.304176516942475,0.09351952013367766,0.7147372386831304,,
2025-10-19 13:05:39.000000,ward_2,6.304176516942475,0.09342604735772136,0.7111635524897147,,
2025-10-19 13:05:39.117647,ward_0,6.304176516942475,0.0933326680078202,0.7076077347272661,,
2025-10-19 13:05:39.235294,ward_1,6.304176516942475,0.09323938199059484,0.7040696960536298,,
2025-10-19 13:05:39.352941,ward_2,6.304176516942475,0.09314618921275922,0.7005493475733616,,
2025-10-19 13:05:39.470588,ward_0,6.304176516942475,0.09305308958112057,0.6970466008354949,,
2025-10-19 13:05:39.588235,ward_1,6.304176516942475,0.09296008300257928,0.6935613678313174,,
2025-10-19 13:05:39.705882,ward_2,6.304176516942475,0.09286716938412873,0.6900935609921608,,
2025-10-19 13:05:39.823529,ward_0,6.304176516942475,0.09277434863285529,0.6866430931872,,
2025-10-19 13:05:39.941176,ward_1,6.304176516942475,0.09268162065593823,0.683209877721264,,
2025-10-19 13:05:40.058824,ward_2,6.304176516942475,0.09258898536064954,0.6797938283326577,,
2025-10-19 13:05:40.176471,ward_0,6.304176516942475,0.09249644265435393,0.6763948591909944,,
2025-10-19 13:05:40.294118,ward_1,6.304176516942475,0.09240399244450868,0.6730128848950394,,
2025-10-19 13:05:40.411765,ward_2,6.304176516942475,0.09231163463866358,0.6696478204705641,,
2025-10-19 13:05:40.529412,ward_0,6.304176516942475,0.09221936914446081,0.6662995813682113,,
2025-10-19 13:05:40.647059,ward_1,6.304176516942475,0.09212719586963487,0.6629680834613703,,
2025-10-19 13:05:40.764706,ward_2,6.304176516942475,0.09203511472201248,0.6596532430440635,,
2025-10-19 13:05:40.882353,ward_0,6.304176516942475,0.09194312560951247,0.6563549768288431,,
2025-10-19 13:05:41.000000,ward_1,6.304176516942475,0.09185122844014575,0.6530732019446989,,
2025-10-19 13:05:41.117647,ward_2,6.304176516942475,0.0917594231220151,0.6498078359349754,,
2025-10-19 13:05:41.235294,ward_0,6.304176516942475,0.09166770956331523,0.6465587967553006,,
2025-10-19 13:05:41.352941,ward_1,6.304176516942475,0.09157608767233257,0.6433260027715241,,
2025-10-19 13:05:41.470588,ward_2,6.304176516942475,0.0914845573574452,0.6401093727576664,,
2025-10-19 13:05:41.588235,ward_0,6.304176516942475,0.09139311852712283,0.6369088258938781,,
2025-10-19 13:05:41.705882,ward_1,6.304176516942475,0.09130177108992658,0.6337242817644086,,
2025-10-19 13:05:41.823529,ward_2,6.304176516942475,0.09121051495450905,0.6305556603555866,,
2025-10-19 13:05:41.941176,ward_0,6.304176516942475,0.09111935002961406,0.6274028820538087,,
2025-10-19 13:05:42.058824,ward_1,6.304176516942475,0.0910282762240767,0.6242658676435396,,
2025-10-19 13:05:42.176471,ward_2,6.304176516942475,0.09093729344682315,0.6211445383053219,,
2025-10-19 13:05:42.294118,ward_0,6.304176516942475,0.09084640160687063,0.6180388156137954,,
2025-10-19 13:05:42.411765,ward_1,6.304176516942475,0.09075560061332727,0.6149486215357264,,
2025-10-19 13:05:42.529412,ward_2,6.304176516942475,0.0906648903753921,0.6118738784280477,,
2025-10-19 13:05:42.647059,ward_0,6.304176516942475,0.09057427080235486,0.6088145090359075,6.304176516942475,0.09521017118523747
2025-10-19 13:05:42.764706,ward_1,6.304176516942475,0.09048374180359596,0.6057704364907279,6.304176516942475,0.09511500860327345
2025-10-19 13:05:42.882353,ward_2,6.304176516942475,0.09039330328858641,0.6027415843082743,6.304176516942475,0.09501994113632593
2025-10-19 13:05:43.000000,ward_0,6.304176516942475,0.09030295516688769,0.599727876386733,6.304176516942475,0.09492496868932747
2025-10-19 13:05:43.117647,ward_1,6.304176516942475,0.09021269734815165,0.5967292370047993,6.304176516942475,0.09483009116730562
2025-10-19 13:05:43.235294,ward_2,6.304176516942475,0.09012252974212048,0.5937455908197753,6.304176516942475,0.09473530847538283
2025-10-19 13:05:43.352941,ward_0,6.304176516942475,0.09003245225862656,0.5907768628656764,6.304176516942475,0.09464062051877642
2025-10-19 13:05:43.470588,ward_1,6.304176516942475,0.08994246480759241,0.587822978551348,6.304176516942475,0.09454602720279841
2025-10-19 13:05:43.588235,ward_2,6.304176516942475,0.08985256729903056,0.5848838636585912,6.304176516942475,0.09445152843285548
2025-10-19 13:05:43.705882,ward_0,6.304176516942475,0.08976275964304349,0.5819594443402983,6.304176516942475,0.09435712411444884
2025-10-19 13:05:43.823529,ward_1,6.304176516942475,0.08967304174982355,0.5790496471185969,6.304176516942475,0.09426281415317421
2025-10-19 13:05:43.941176,ward_2,6.304176516942475,0.08958341352965282,0.5761543988830038,6.304176516942475,0.09416859845472154
2025-10-19 13:05:44.058824,ward_0,6.304176516942475,0.08949387489290311,0.5732736268885888,6.304176516942475,0.09407447692487522
2025-10-19 13:05:44.176471,ward_1,6.304176516942475,0.08940442575003572,0.5704072587541459,6.304176516942475,0.09398044946951364
2025-10-19 13:05:44.294118,ward_2,6.304176516942475,0.08931506601160155,0.5675552224603752,6.304176516942475,0.09388651599460937
2025-10-19 13:05:44.411765,ward_0,6.304176516942475,0.08922579558824084,0.5647174463480732,6.304176516942475,0.09379267640622894
2025-10-19 13:05:44.529412,ward_1,6.304176516942475,0.08913661439068314,0.5618938591163328,6.304176516942475,0.09369893061053268
2025-10-19 13:05:44.647059,ward_2,6.304176516942475,0.08904752232974728,0.5590843898207511,6.304176516942475,0.09360527851377488
2025-10-19 13:05:44.764706,ward_0,6.304176516942475,0.08895851931634113,0.5562889678716475,6.304176516942475,0.09351172002230339
2025-10-19 13:05:44.882353,ward_1,6.304176516942475,0.08886960526146175,0.5535075230322892,6.304176516942475,0.0934182550425597
2025-10-19 13:05:45.000000,ward_2,6.304176516942475,0.08878078007619501,0.5507399854171278,6.304176516942475,0.09332488348107885
2025-10-19 13:05:45.117647,ward_0,6.304176516942475,0.08869204367171575,0.5479862854900421,6.304176516942475,0.09323160524448924
2025-10-19 13:05:45.235294,ward_1,6.304176516942475,0.08860339595928757,0.5452463540625919,6.304176516942475,0.09313842023951265
2025-10-19 13:05:45.352941,ward_2,6.304176516942475,0.08851483685026272,0.542520122292279,6.304176516942475,0.09304532837296409
2025-10-19 13:05:45.470588,ward_0,6.304176516942475,0.08842636625608209,0.5398075216808176,6.304176516942475,0.09295232955175163
2025-10-19 13:05:45.588235,ward_1,6.304176516942475,0.08833798408827509,0.5371084840724134,6.304176516942475,0.09285942368287646
2025-10-19 13:05:45.705882,ward_2,6.304176516942475,0.08824969025845955,0.5344229416520514,6.304176516942475,0.09276661067343273
2025-10-19 13:05:45.823529,ward_0,6.304176516942475,0.08816148467834162,0.5317508269437912,6.304176516942475,0.09267389043060739
2025-10-19 13:05:45.941176,ward_1,6.304176516942475,0.0880733672597157,0.5290920728090721,6.304176516942475,0.09258126286168021
2025-10-19 13:05:46.058824,ward_2,6.304176516942475,0.08798533791446439,0.5264466124450268,6.304176516942475,0.09248872787402361
2025-10-19 13:05:46.176471,ward_0,6.304176516942475,0.08789739655455832,0.5238143793828016,6.304176516942475,0.09239628537510258
2025-10-19 13:05:46.294118,ward_1,6.304176516942475,0.08780954309205613,0.5211953074858876,6.304176516942475,0.09230393527247464
2025-10-19 13:05:46.411765,ward_2,6.304176516942475,0.08772177743910436,0.5185893309484582,6.304176516942475,0.09221167747378967
2025-10-19 13:05:46.529412,ward_0,6.304176516942475,0.08763409950793732,0.515996384293716,6.304176516942475,0.09211951188678985
2025-10-19 13:05:46.647059,ward_1,6.304176516942475,0.08754650921087712,0.5134164023722474,6.304176516942475,0.09202743841930956
2025-10-19 13:05:46.764706,ward_2,6.304176516942475,0.0874590064603334,0.5108493203603861,6.304176516942475,0.0919354569792754
2025-10-19 13:05:46.882353,ward_0,6.304176516942475,0.08737159116880344,0.5082950737585842,6.304176516942475,0.09184356747470587
2025-10-19 13:05:47.000000,ward_1,6.304176516942475,0.08728426324887194,0.5057535983897913,6.304176516942475,0.09175176981371147
2025-10-19 13:05:47.117647,ward_2,6.304176516942475,0.08719702261321094,0.5032248303978423,6.304176516942475,0.09166006390449452
2025-10-19 13:05:47.235294,ward_0,6.304176516942475,0.08710986917457984,0.5007087062458531,6.304176516942475,0.09156844965534912
2025-10-19 13:05:47.352941,ward_1,6.304176516942475,0.08702280284582516,0.4982051627146238,6.304176516942475,0.091476926974661
2025-10-19 13:05:47.470588,ward_2,6.304176516942475,0.0869358235398806,0.4957141369010507,6.304176516942475,0.0913854957709075
2025-10-19 13:05:47.588235,ward_0,6.304176516942475,0.08684893116976679,0.4932355662165454,6.304176516942475,0.09129415595265736
2025-10-19 13:05:47.705882,ward_1,6.304176516942475,0.08676212564859141,0.4907693883854627,6.304176516942475,0.09120290742857078
2025-10-19 13:05:47.823529,ward_2,6.304176516942475,0.0866754068895489,0.4883155414435354,6.304176516942475,0.09111175010739923
2025-10-19 13:05:47.941176,ward_0,6.304176516942475,0.0865887748059205,0.4858739637363177,6.304176516942475,0.09102068389798541
2025-10-19 13:05:48.058824,ward_1,6.304176516942475,0.08650222931107414,0.4834445939176361,6.304176516942475,0.09092970870926305
2025-10-19 13:05:48.176471,ward_2,6.304176516942475,0.08641577031846429,0.4810273709480479,6.304176516942475,0.09083882445025697
2025-10-19 13:05:48.294118,ward_0,6.304176516942475,0.08632939774163195,0.4786222340933077,6.304176516942475,0.09074803103008292
2025-10-19 13:05:48.411765,ward_1,6.304176516942475,0.08624311149420455,0.47622912292284114,6.304176516942475,0.09065732835794746
2025-10-19 13:05:48.529412,ward_2,6.304176516942475,0.08615691148989583,0.4738479773082269,6.304176516942475,0.09056671634314792
2025-10-19 13:05:48.647059,ward_0,6.304176516942475,0.08607079764250579,0.4714787374216858,6.304176516942475,0.09047619489507226
2025-10-19 13:05:48.764706,ward_1,6.304176516942475,0.08598476986592056,0.46912134373457737,6.304176516942475,0.09038576392319904
2025-10-19 13:05:48.882353,ward_2,6.304176516942475,0.08589882807411235,0.46677573701590447,6.304176516942475,0.09029542333709728
2025-10-19 13:05:49.000000,ward_0,6.304176516942475,0.08581297218113938,0.46444185833082496,6.304176516942475,0.09020517304642636
2025-10-19 13:05:49.117647,ward_1,6.304176516942475,0.08572720210114576,0.46211964903917085,6.304176516942475,0.09011501296093602
2025-10-19 13:05:49.235294,ward_2,6.304176516942475,0.08564151774836136,0.459809050793975,6.304176516942475,0.09002494299046615
2025-10-19 13:05:49.352941,ward_0,6.304176516942475,0.08555591903710186,0.4575100055400051,6.304176516942475,0.08993496304494678
2025-10-19 13:05:49.470588,ward_1,6.304176516942475,0.08547040588176852,0.45522245551230506,6.304176516942475,0.08984507303439795
2025-10-19 13:05:49.588235,ward_2,6.304176516942475,0.08538497819684818,0.45294634323474353,6.304176516942475,0.08975527286892962
2025-10-19 13:05:49.705882,ward_0,6.304176516942475,0.08529963589691315,0.45068161151856984,6.304176516942475,0.08966556245874166
2025-10-19 13:05:49.823529,ward_1,6.304176516942475,0.08521437889662115,0.44842820346097695,6.304176516942475,0.08957594171412361
2025-10-19 13:05:49.941176,ward_2,6.304176516942475,0.08512920711071512,0.4461860624436721,6.304176516942475,0.08948641054545475
2025-10-19 13:05:50.058824,ward_0,6.304176516942475,0.0850441204540233,0.4439551321314537,6.304176516942475,0.08939696886320389
2025-10-19 13:05:50.176471,ward_1,6.304176516942475,0.08495911884145903,0.4417353564707965,6.304176516942475,0.08930761657792935
2025-10-19 13:05:50.294118,ward_2,6.304176516942475,0.08487420218802068,0.43952667968844245,6.304176516942475,0.08921835360027884
2025-10-19 13:05:50.411765,ward_0,6.304176516942475,0.08478937040879159,0.43732904629000025,6.304176516942475,0.08912917984098934
2025-10-19 13:05:50.529412,ward_1,6.304176516942475,0.08470462341893997,0.43514240105855023,6.304176516942475,0.08904009521088713
2025-10-19 13:05:50.647059,ward_2,6.304176516942475,0.08461996113371884,0.4329666890532575,6.304176516942475,0.08895109962088753
2025-10-19 13:05:50.764706,ward_0,6.304176516942475,0.08453538346846588,0.4308018556079912,6.304176516942475,0.08886219298199499
2025-10-19 13:05:50.882353,ward_1,6.304176516942475,0.08445089033860344,0.42864784632995123,6.304176516942475,0.0887733752053028
2025-10-19 13:05:51.000000,ward_2,6.304176516942475,0.08436648165963838,0.4265046070983015,6.304176516942475,0.08868464620199326
2025-10-19 13:05:51.117647,ward_0,6.304176516942475,0.08428215734716199,0.42437208406280996,6.304176516942475,0.08859600588333728
2025-10-19 13:05:51.235294,ward_1,6.304176516942475,0.08419791731685,0.4222502236424959,6.304176516942475,0.08850745416069458
2025-10-19 13:05:51.352941,ward_2,6.304176516942475,0.08411376148446233,0.42013897252428345,6.304176516942475,0.0884189909455134
2025-10-19 13:05:51.470588,ward_0,6.304176516942475,0.08402968976584314,0.418038277661662,6.304176516942475,0.08833061614933055
2025-10-19 13:05:51.588235,ward_1,6.304176516942475,0.08394570207692074,0.4159480862733537,6.304176516942475,0.08824232968377121
2025-10-19 13:05:51.705882,ward_2,6.304176516942475,0.08386179833370741,0.41386834584198695,6.304176516942475,0.08815413146054889
2025-10-19 13:05:51.823529,ward_0,6.304176516942475,0.0837779784522994,0.41179900411277703,6.304176516942475,0.0880660213914654
2025-10-19 13:05:51.941176,ward_1,6.304176516942475,0.08369424234887682,0.40974000909221314,6.304176516942475,0.08797799938841062
2025-10-19 13:05:52.058824,ward_2,6.304176516942475,0.08361058993970355,0.40769130904675205,6.304176516942475,0.08789006536336258
2025-10-19 13:05:52.176471,ward_0,6.304176516942475,0.0835270211411272,0.4056528525015183,6.304176516942475,0.0878022192283872
2025-10-19 13:05:52.294118,ward_1,6.304176516942475,0.08344353586957896,0.4036245882390107,6.304176516942475,0.08771446089563838
2025-10-19 13:05:52.411765,ward_2,6.304176516942475,0.08336013404157354,0.40160646529781563,6.304176516942475,0.08762679027735777
2025-10-19 13:05:52.529412,ward_0,6.304176516942475,0.0832768155737091,0.3995984329713266,6.304176516942475,0.08753920728587473
2025-10-19 13:05:52.647059,ward_1,6.304176516942475,0.08319358038266718,0.39760044080646995,6.304176516942475,0.08745171183360628
2025-10-19 13:05:52.764706,ward_2,6.304176516942475,0.08311042838521257,0.39561243860243755,6.304176516942475,0.08736430383305695
2025-10-19 13:05:52.882353,ward_0,6.304176516942475,0.08302735949819327,0.3936343764094254,6.304176516942475,0.08727698319681874
2025-10-19 13:05:53.000000,ward_1,6.304176516942475,0.0829443736385404,0.39166620452737827,6.304176516942475,0.087189749837571
2025-10-19 13:05:53.117647,ward_2,6.304176516942475,0.08286147072326806,0.3897078735047414,6.304176516942475,0.08710260366808034
2025-10-19 13:05:53.235294,ward_0,6.304176516942475,0.08277865066947337,0.38775933413721764,6.304176516942475,0.08701554460120063
2025-10-19 13:05:53.352941,ward_1,6.304176516942475,0.08269591339433624,0.38582053746653155,6.304176516942475,0.08692857254987278
2025-10-19 13:05:53.470588,ward_2,6.304176516942475,0.08261325881511938,0.3838914347791989,6.304176516942475,0.08684168742712468
2025-10-19 13:05:53.588235,ward_0,6.304176516942475,0.08253068684916824,0.38197197760530294,6.304176516942475,0.08675488914607127
2025-10-19 13:05:53.705882,ward_1,6.304176516942475,0.08244819741391082,0.3800621177172764,6.304176516942475,0.08666817761991424
2025-10-19 13:05:53.823529,ward_2,6.304176516942475,0.0823657904268577,0.37816180712869,6.304176516942475,0.08658155276194207
2025-10-19 13:05:53.941176,ward_0,6.304176516942475,0.08228346580560185,0.37627099809304654,6.304176516942475,0.08649501448552983
2025-10-19 13:05:54.058824,ward_1,6.304176516942475,0.08220122346781866,0.3743896431025813,6.304176516942475,0.08640856270413934
2025-10-19 13:05:54.176471,ward_2,6.304176516942475,0.0821190633312658,0.37251769488706843,6.304176516942475,0.08632219733131871
2025-10-19 13:05:54.294118,ward_0,6.304176516942475,0.08203698531378312,0.37065510641263305,6.304176516942475,0.08623591828070264
2025-10-19 13:05:54.411765,ward_1,6.304176516942475,0.08195498933329257,0.3688018308805699,6.304176516942475,0.08614972546601202
2025-10-19 13:05:54.529412,ward_2,6.304176516942475,0.0818730753077982,0.36695782172616703,6.304176516942475,0.08606361880105401
2025-10-19 13:05:54.647059,ward_0,6.304176516942475,0.08179124315538594,0.3651230326175362,6.304176516942475,0.08597759819972202
2025-10-19 13:05:54.764706,ward_1,6.304176516942475,0.08170949279422367,0.36329741745444855,6.304176516942475,0.08589166357599538
2025-10-19 13:05:54.882353,ward_2,6.304176516942475,0.08162782414256099,0.3614809303671763,6.304176516942475,0.08580581484393948
2025-10-19 13:05:55.000000,ward_0,6.304176516942475,0.08154623711872927,0.3596735257153404,6.304176516942475,0.08572005191770556
2025-10-19 13:05:55.117647,ward_1,6.304176516942475,0.08146473164114146,0.35787515808676373,6.304176516942475,0.08563437471153071
2025-10-19 13:05:55.235294,ward_2,6.304176516942475,0.08138330762829207,0.35608578229632987,6.304176516942475,0.0855487831397377
2025-10-19 13:05:55.352941,ward_0,6.304176516942475,0.08130196499875711,0.35430535338484825,6.304176516942475,0.08546327711673497
2025-10-19 13:05:55.470588,ward_1,6.304176516942475,0.08122070367119391,0.352533826617924,6.304176516942475,0.08537785655701649
2025-10-19 13:05:55.588235,ward_2,6.304176516942475,0.08113952356434115,0.3507711574848344,6.304176516942475,0.08529252137516165
2025-10-19 13:05:55.705882,ward_0,6.304176516942475,0.08105842459701872,0.3490173016974102,6.304176516942475,0.08520727148583532
2025-10-19 13:05:55.823529,ward_1,6.304176516942475,0.08097740668812764,0.34727221518892315,6.304176516942475,0.08512210680378755
2025-10-19 13:05:55.941176,ward_2,6.304176516942475,0.08089646975664999,0.34553585411297855,6.304176516942475,0.0850370272438537
2025-10-19 13:05:56.058824,ward_0,6.304176516942475,0.08081561372164885,0.34380817484241366,6.304176516942475,0.08495203272095417
2025-10-19 13:05:56.176471,ward_1,6.304176516942475,0.08073483850226815,0.34208913396820156,6.304176516942475,0.08486712315009443
2025-10-19 13:05:56.294118,ward_2,6.304176516942475,0.08065414401773269,0.34037868829836054,6.304176516942475,0.08478229844636495
2025-10-19 13:05:56.411765,ward_0,6.304176516942475,0.08057353018734797,0.33867679485686875,6.304176516942475,0.08469755852494094
2025-10-19 13:05:56.529412,ward_1,6.304176516942475,0.08049299693050016,0.33698341088258443,6.304176516942475,0.08461290330108254
2025-10-19 13:05:56.647059,ward_2,6.304176516942475,0.08041254416665597,0.3352984938281715,6.304176516942475,0.08452833269013448
2025-10-19 13:05:56.764706,ward_0,6.304176516942475,0.08033217181536266,0.33362200135903064,6.304176516942475,0.08444384660752614
2025-10-19 13:05:56.882353,ward_1,6.304176516942475,0.08025187979624786,0.33195389135223546,6.304176516942475,0.08435944496877149
2025-10-19 13:05:57.000000,ward_2,6.304176516942475,0.08017166802901954,0.3302941218954743,6.304176516942475,0.08427512768946879
2025-10-19 13:05:57.117647,ward_0,6.304176516942475,0.08009153643346592,0.3286426512859969,6.304176516942475,0.08419089468530082
2025-10-19 13:05:57.235294,ward_1,6.304176516942475,0.08001148492945542,0.32699943802956694,6.304176516942475,0.08410674587203455
2025-10-19 13:05:57.352941,ward_2,6.304176516942475,0.07993151343693651,0.3253644408394191,6.304176516942475,0.08402268116552117
2025-10-19 13:05:57.470588,ward_0,6.304176516942475,0.07985162187593771,0.323737618635222,6.304176516942475,0.08393870048169597
2025-10-19 13:05:57.588235,ward_1,6.304176516942475,0.07977181016656743,0.3221189305420459,6.304176516942475,0.08385480373657822
2025-10-19 13:05:57.705882,ward_2,6.304176516942475,0.07969207822901397,0.32050833588933564,6.304176516942475,0.08377099084627121
2025-10-19 13:05:57.823529,ward_0,6.304176516942475,0.07961242598354538,0.31890579420988896,6.304176516942475,0.083687261726962
2025-10-19 13:05:57.941176,ward_1,6.304176516942475,0.0795328533505094,0.3173112652388395,6.304176516942475,0.08360361629492152
2025-10-19 13:05:58.058824,ward_2,6.304176516942475,0.07945336025033341,0.3157247089126453,6.304176516942475,0.08352005446650429
2025-10-19 13:05:58.176471,ward_0,6.304176516942475,0.07937394660352427,0.3141460853680821,6.304176516942475,0.08343657615814848
2025-10-19 13:05:58.294118,ward_1,6.304176516942475,0.07929461233066837,0.31257535494124167,6.304176516942475,0.0833531812863758
2025-10-19 13:05:58.411765,ward_2,6.304176516942475,0.0792153573524314,0.3110124781665355,6.304176516942475,0.08326986976779135
2025-10-19 13:05:58.529412,ward_0,6.304176516942475,0.07913618158955839,0.3094574157757028,6.304176516942475,0.0831866415190836
2025-10-19 13:05:58.647059,ward_1,6.304176516942475,0.07905708496287356,0.30791012869682427,6.304176516942475,0.08310349645702429
2025-10-19 13:05:58.764706,ward_2,6.304176516942475,0.07897806739328028,0.30637057805334017,6.304176516942475,0.08302043449846838
2025-10-19 13:05:58.882353,ward_0,6.304176516942475,0.07889912880176098,0.3048387251630735,6.304176516942475,0.08293745556035388
2025-10-19 13:05:59.000000,ward_1,6.304176516942475,0.07882026910937705,0.30331453153725807,6.304176516942475,0.08285455955970185
2025-10-19 13:05:59.117647,ward_2,6.304176516942475,0.0787414882372688,0.3017979588795718,6.304176516942475,0.08277174641361629
2025-10-19 13:05:59.235294,ward_0,6.304176516942475,0.07866278610665535,0.30028896908517394,6.304176516942475,0.08268901603928404
2025-10-19 13:05:59.352941,ward_1,6.304176516942475,0.07858416263883455,0.2987875242397481,6.304176516942475,0.08260636835397472
2025-10-19 13:05:59.470588,ward_2,6.304176516942475,0.07850561775518296,0.2972935866185493,6.304176516942475,0.08252380327504064
2025-10-19 13:05:59.588235,ward_0,6.304176516942475,0.07842715137715565,0.29580711868545656,6.304176516942475,0.0824413207199167
2025-10-19 13:05:59.705882,ward_1,6.304176516942475,0.07834876342628626,0.2943280830920293,6.304176516942475,0.08235892060612034
2025-10-19 13:05:59.823529,ward_2,6.304176516942475,0.07827045382418682,0.29285644267656913,6.304176516942475,0.08227660285125146
2025-10-19 13:05:59.941176,ward_0,6.304176516942475,0.07819222249254773,0.2913921604631863,6.304176516942475,0.08219436737299231
2025-10-19 13:06:00.058824,ward_1,6.304176516942475,0.07811406935313765,0.2899351996608704,6.304176516942475,0.08211221408910738
2025-10-19 13:06:00.176471,ward_2,6.304176516942475,0.07803599432780343,0.288485523662566,6.304176516942475,0.08203014291744337
2025-10-19 13:06:00.294118,ward_0,6.304176516942475,0.07795799733847004,0.2870430960442532,6.304176516942475,0.0819481537759291
2025-10-19 13:06:00.411765,ward_1,6.304176516942475,0.0778800783071405,0.2856078805640319,6.304176516942475,0.08186624658257545
2025-10-19 13:06:00.529412,ward_2,6.304176516942475,0.07780223715589574,0.28417984116121175,6.304176516942475,0.08178442125547519
2025-10-19 13:06:00.647059,ward_0,6.304176516942475,0.07772447380689462,0.2827589419554057,6.304176516942475,0.08170267771280303
2025-10-19 13:06:00.764706,ward_1,6.304176516942475,0.07764678818237379,0.28134514724562865,6.304176516942475,0.08162101587281537
2025-10-19 13:06:00.882353,ward_2,6.304176516942475,0.0775691802046476,0.2799384215094005,6.304176516942475,0.08153943565385038
2025-10-19 13:06:01.000000,ward_0,2.672010688042752,0.0774916497961081,0.27853872940185354,6.267854858653477,0.08145793697432786
2025-10-19 13:06:01.117647,ward_1,2.672010688042752,0.07741419687922485,0.27714603575484426,6.23153320036448,0.0813765197527491
2025-10-19 13:06:01.235294,ward_2,2.672010688042752,0.0773368213765449,0.27576030557607,6.195211542075483,0.08129518390769684
2025-10-19 13:06:01.352941,ward_0,2.672010688042752,0.07725952321069281,0.2743815040481897,6.158889883786486,0.0812139293578353
2025-10-19 13:06:01.470588,ward_1,2.672010688042752,0.07718230230437034,0.2730095965279487,6.122568225497489,0.08113275602190986
2025-10-19 13:06:01.588235,ward_2,2.672010688042752,0.07710515858035663,0.271644548545309,6.086246567208491,0.08105166381874723
2025-10-19 13:06:01.705882,ward_0,2.672010688042752,0.07702809196150792,0.27028632580258244,6.049924908919494,0.08097065266725516
2025-10-19 13:06:01.823529,ward_1,2.672010688042752,0.07695110237075758,0.2689348941735695,6.013603250630497,0.0808897224864225
2025-10-19 13:06:01.941176,ward_2,2.672010688042752,0.07687418973111604,0.2675902197027017,5.9772815923415,0.08080887319531907
2025-10-19 13:06:02.058824,ward_0,2.672010688042752,0.07679735396567061,0.26625226860418816,5.9409599340525014,0.08072810471309558
2025-10-19 13:06:02.176471,ward_1,2.672010688042752,0.07672059499758557,0.26492100726116724,5.904638275763505,0.0806474169589835
2025-10-19 13:06:02.294118,ward_2,2.672010688042752,0.07664391275010192,0.26359640222486136,5.868316617474508,0.08056680985229513
2025-10-19 13:06:02.411765,ward_0,2.672010688042752,0.0765673071465374,0.2622784202137371,5.8319949591855105,0.0804862833124233
2025-10-19 13:06:02.529412,ward_1,2.672010688042752,0.0764907781102864,0.26096702811266836,5.795673300896513,0.08040583725884151
2025-10-19 13:06:02.647059,ward_2,2.672010688042752,0.0764143255648199,0.259662192972105,5.759351642607515,0.08032547161110369
2025-10-19 13:06:02.764706,ward_0,2.672010688042752,0.07633794943368533,0.2583638820072445,5.7230299843185195,0.08024518628884415
2025-10-19 13:06:02.882353,ward_1,2.672010688042752,0.07626164964050654,0.2570720625972083,5.686708326029523,0.08016498121177759
2025-10-19 13:06:03.000000,ward_2,2.672010688042752,0.07618542610898377,0.25578670228422223,5.650386667740524,0.08008485629969893
2025-10-19 13:06:03.117647,ward_0,2.672010688042752,0.07610927876289343,0.2545077687728011,5.614065009451528,0.08000481147248324
2025-10-19 13:06:03.235294,ward_1,2.672010688042752,0.07603320752608822,0.25323522992893716,5.57774335116253,0.07992484665008569
2025-10-19 13:06:03.352941,ward_2,2.672010688042752,0.07595721232249686,0.25196905377929246,5.541421692873533,0.07984496175254145
2025-10-19 13:06:03.470588,ward_0,2.672010688042752,0.07588129307612414,0.25070920851039596,5.505100034584537,0.07976515669996562
2025-10-19 13:06:03.588235,ward_1,2.672010688042752,0.07580544971105084,0.249455662467844,5.468778376295538,0.07968543141255313
2025-10-19 13:06:03.705882,ward_2,2.672010688042752,0.07572968215143355,0.24820838415550478,5.4324567180065415,0.0796057858105787
2025-10-19 13:06:03.823529,ward_0,2.672010688042752,0.07565399032150474,0.24696734223472724,5.396135059717544,0.07952621981439671
2025-10-19 13:06:03.941176,ward_1,2.672010688042752,0.07557837414557256,0.2457325055235536,5.359813401428547,0.07944673334444116
2025-10-19 13:06:04.058824,ward_2,2.672010688042752,0.0755028335480208,0.24450384299593586,5.323491743139549,0.07936732632122559
2025-10-19 13:06:04.176471,ward_0,2.672010688042752,0.0754273684533089,0.24328132378095618,5.287170084850552,0.07928799866534293
2025-10-19 13:06:04.294118,ward_1,2.672010688042752,0.07535197878597173,0.2420649171620514,5.250848426561555,0.07920875029746557
2025-10-19 13:06:04.411765,ward_2,2.672010688042752,0.07527666447061963,0.24085459257624112,5.214526768272558,0.07912958113834509
2025-10-19 13:06:04.529412,ward_0,2.672010688042752,0.07520142543193827,0.23965031961335992,5.17820510998356,0.07905049110881235
2025-10-19 13:06:04.647059,ward_1,2.672010688042752,0.0751262615946886,0.23845206801529312,5.141883451694563,0.0789714801297773
2025-10-19 13:06:04.764706,ward_2,2.672010688042752,0.0750511728837068,0.23725980767521665,5.105561793405567,0.07889254812222896
2025-10-19 13:06:04.882353,ward_0,2.672010688042752,0.07497615922390413,0.23607350863684057,5.069240135116569,0.07881369500723533
2025-10-19 13:06:05.000000,ward_1,2.672010688042752,0.07490122054026693,0.23489314109365636,5.032918476827572,0.07873492070594326
2025-10-19 13:06:05.117647,ward_2,2.672010688042752,0.07482635675785652,0.23371867538818808,4.996596818538574,0.07865622513957846
2025-10-19 13:06:05.235294,ward_0,2.672010688042752,0.07475156780180911,0.23255008201124713,4.960275160249577,0.07857760822944536
2025-10-19 13:06:05.352941,ward_1,2.672010688042752,0.07467685359733571,0.2313873316011909,4.92395350196058,0.07849906989692704
2025-10-19 13:06:05.470588,ward_2,2.672010688042752,0.07460221406972216,0.23023039494318495,4.887631843671582,0.07842061006348515
2025-10-19 13:06:05.588235,ward_0,2.672010688042752,0.07452764914432887,0.22907924296846902,4.8513101853825855,0.07834222865065986
2025-10-19 13:06:05.705882,ward_1,2.672010688042752,0.07445315874659095,0.22793384675362668,4.814988527093588,0.07826392558006975
2025-10-19 13:06:05.823529,ward_2,2.672010688042752,0.07437874280201796,0.22679417751985856,4.778666868804591,0.07818570077341175
2025-10-19 13:06:05.941176,ward_0,2.672010688042752,0.07430440123619399,0.22566020663225925,4.742345210515594,0.07810755415246103
2025-10-19 13:06:06.058824,ward_1,2.672010688042752,0.07423013397477744,0.22453190559909794,4.706023552226597,0.07802948563907097
2025-10-19 13:06:06.176471,ward_2,2.672010688042752,0.07415594094350106,0.22340924607110246,4.669701893937599,0.07795149515517305
2025-10-19 13:06:06.294118,ward_0,2.672010688042752,0.0740818220681718,0.22229219984074694,4.633380235648603,0.0778735826227768
2025-10-19 13:06:06.411765,ward_1,2.672010688042752,0.07400777727467077,0.2211807388415432,4.597058577359605,0.07779574796396964
2025-10-19 13:06:06.529412,ward_2,2.672010688042752,0.07393380648895319,0.2200748351473355,4.5607369190706075,0.07771799110091694
2025-10-19 13:06:06.647059,ward_0,2.672010688042752,0.07385990963704826,0.2189744609715988,4.52441526078161,0.0776403119558618
2025-10-19 13:06:06.764706,ward_1,2.672010688042752,0.07378608664505912,0.21787958866674081,4.488093602492613,0.0775627104511251
2025-10-19 13:06:06.882353,ward_2,2.672010688042752,0.07371233743916278,0.2167901907234071,4.451771944203616,0.07748518650910532
2025-10-19 13:06:07.000000,ward_0,2.672010688042752,0.07363866194561001,0.2157062397697901,4.415450285914619,0.07740774005227849
2025-10-19 13:06:07.117647,ward_1,2.672010688042752,0.07356506009072533,0.21462770857094113,4.379128627625621,0.07733037100319817
2025-10-19 13:06:07.235294,ward_2,2.672010688042752,0.07349153180090688,0.21355457002808642,4.342806969336625,0.07725307928449532
2025-10-19 13:06:07.352941,ward_0,2.672010688042752,0.07341807700262634,0.212486797177946,4.306485311047627,0.07717586481887817
2025-10-19 13:06:07.470588,ward_1,2.672010688042752,0.07334469562242893,0.21142436319205626,4.2701636527586295,0.07709872752913227
2025-10-19 13:06:07.588235,ward_2,2.672010688042752,0.07327138758693325,0.21036724137609597,4.233841994469633,0.07702166733812033
2025-10-19 13:06:07.705882,ward_0,2.672010688042752,0.07319815282283126,0.20931540516921548,4.197520336180635,0.07694468416878214
2025-10-19 13:06:07.823529,ward_1,2.672010688042752,0.0731249912568882,0.20826882814336942,4.1611986778916386,0.07686777794413452
2025-10-19 13:06:07.941176,ward_2,2.672010688042752,0.0730519028159425,0.20722748400265256,4.124877019602641,0.07679094858727127
2025-10-19 13:06:08.058824,ward_0,2.672010688042752,0.07297888742690568,0.2061913465826393,4.088555361313643,0.076714196021363
2025-10-19 13:06:08.176471,ward_1,2.672010688042752,0.07290594501676238,0.20516038984972612,4.052233703024646,0.07663752016965715
2025-10-19 13:06:08.294118,ward_2,2.672010688042752,0.07283307551257016,0.20413458790047748,4.015912044735649,0.07656092095547784
2025-10-19 13:06:08.411765,ward_0,2.672010688042752,0.07276027884145955,0.20311391496097508,3.979590386446652,0.07648439830222588
2025-10-19 13:06:08.529412,ward_1,2.672010688042752,0.07268755493063382,0.20209834538617022,3.9432687281576553,0.07640795213337859
2025-10-19 13:06:08.647059,ward_2,2.672010688042752,0.0726149037073691,0.20108785365923937,3.9069470698686577,0.07633158237248981
2025-10-19 13:06:08.764706,ward_0,2.672010688042752,0.07254232509901412,0.20008241439094315,3.8706254115796606,0.07625528894318975
2025-10-19 13:06:08.882353,ward_1,2.672010688042752,0.0724698190329903,0.19908200231898845,3.834303753290663,0.076179071769185
2025-10-19 13:06:09.000000,ward_2,2.672010688042752,0.07239738543679153,0.1980865923073935,3.797982095001666,0.07610293077425836
2025-10-19 13:06:09.117647,ward_0,2.672010688042752,0.07232502423798425,0.19709615934585653,3.7616604367126687,0.07602686588226884
2025-10-19 13:06:09.235294,ward_1,2.672010688042752,0.07225273536420722,0.19611067854912725,3.725338778423671,0.07595087701715152
2025-10-19 13:06:09.352941,ward_2,2.672010688042752,0.07218051874317159,0.19513012515638162,3.6890171201346744,0.07587496410291757
2025-10-19 13:06:09.470588,ward_0,2.672010688042752,0.0721083743026607,0.1941544745305997,3.652695461845677,0.07579912706365403
2025-10-19 13:06:09.588235,ward_1,2.672010688042752,0.07203630197053014,0.1931837021579467,3.6163738035566797,0.07572336582352389
2025-10-19 13:06:09.705882,ward_2,2.672010688042752,0.07196430167470755,0.19221778364715697,3.5800521452676826,0.07564768030676587
2025-10-19 13:06:09.823529,ward_0,2.672010688042752,0.07189237334319262,0.19125669472892118,3.543730486978686,0.07557207043769446
2025-10-19 13:06:09.941176,ward_1,2.672010688042752,0.07182051690405704,0.19030041125527658,3.5074088286896883,0.07549653614069979
2025-10-19 13:06:10.058824,ward_2,2.672010688042752,0.07174873228544433,0.1893489091990002,3.471087170400691,0.07542107734024754
2025-10-19 13:06:10.176471,ward_0,2.672010688042752,0.0716770194155699,0.1884021646530052,3.4347655121116936,0.07534569396087894
2025-10-19 13:06:10.294118,ward_1,2.672010688042752,0.07160537822272085,0.18746015382974016,3.3984438538226964,0.07527038592721055
2025-10-19 13:06:10.411765,ward_2,2.672010688042752,0.07153380863525599,0.18652285306059146,3.362122195533699,0.07519515316393438
2025-10-19 13:06:10.529412,ward_0,2.672010688042752,0.07146231058160572,0.18559023879528852,3.3258005372447017,0.07511999559581763
2025-10-19 13:06:10.647059,ward_1,2.672010688042752,0.071390883990272,0.18466228760131206,3.289478878955704,0.07504491314770273
2025-10-19 13:06:10.764706,ward_2,2.672010688042752,0.07131952878982822,0.1837389761633055,3.2531572206667074,0.07496990574450725
2025-10-19 13:06:10.882353,ward_0,2.672010688042752,0.07124824490891918,0.18282028128248898,3.21683556237771,0.07489497331122376
2025-10-19 13:06:11.000000,ward_1,2.672010688042752,0.07117703227626097,0.18190617987607652,3.180513904088713,0.07482011577291982
2025-10-19 13:06:11.117647,ward_2,2.672010688042752,0.07110589082064098,0.18099664897669615,3.1441922457997165,0.07474533305473788
2025-10-19 13:06:11.235294,ward_0,2.672010688042752,0.07103482047091773,0.18009166573181265,3.107870587510719,0.07467062508189523
2025-10-19 13:06:11.352941,ward_1,2.672010688042752,0.07096382115602087,0.1791912074031536,3.0715489292217217,0.07459599177968389
2025-10-19 13:06:11.470588,ward_2,2.672010688042752,0.07089289280495108,0.17829525136613783,3.035227270932724,0.07452143307347052
2025-10-19 13:06:11.588235,ward_0,2.672010688042752,0.07082203534678,0.17740377510930713,2.998905612643727,0.07444694888869646
2025-10-19 13:06:11.705882,ward_1,2.672010688042752,0.07075124871065018,0.1765167562337606,2.9625839543547294,0.07437253915087748
2025-10-19 13:06:11.823529,ward_2,2.672010688042752,0.07068053282577495,0.1756341724525918,2.9262622960657323,0.07429820378560385
2025-10-19 13:06:11.941176,ward_0,2.672010688042752,0.07060988762143844,0.17475600159032884,2.8899406377767347,0.07422394271854021
2025-10-19 13:06:12.058824,ward_1,2.672010688042752,0.07053931302699544,0.1738822215823772,2.853618979487738,0.07414975587542547
2025-10-19 13:06:12.176471,ward_2,2.672010688042752,0.07046880897187134,0.17301281047446532,2.817297321198741,0.07407564318207277
2025-10-19 13:06:12.294118,ward_0,2.672010688042752,0.0703983753855621,0.172147746422093,2.7809756629097437,0.07400160456436942
2025-10-19 13:06:12.411765,ward_1,2.672010688042752,0.0703280121976341,0.1712870076899825,2.744654004620746,0.07392763994827684
2025-10-19 13:06:12.529412,ward_2,2.672010688042752,0.07025771933772416,0.1704305726515326,2.7083323463317495,0.07385374925983033
2025-10-19 13:06:12.647059,ward_0,2.672010688042752,0.07018749673553941,0.16957841978827493,2.672010688042752,0.07377993242513925
2025-10-19 13:06:12.764706,ward_1,2.672010688042752,0.07011734432085724,0.16873052768933355,2.672010688042752,0.07370618937038674
2025-10-19 13:06:12.882353,ward_2,2.672010688042752,0.07004726202352524,0.1678868750508869,2.672010688042752,0.07363252002182975
2025-10-19 13:06:13.000000,ward_0,2.672010688042752,0.0699772497734611,0.16704744067563246,2.672010688042752,0.07355892430579891
2025-10-19 13:06:13.117647,ward_1,2.672010688042752,0.06990730750065258,0.1662122034722543,2.672010688042752,0.0734854021486985
2025-10-19 13:06:13.235294,ward_2,2.672010688042752,0.06983743513515736,0.16538114245489302,2.672010688042752,0.07341195347700638
2025-10-19 13:06:13.352941,ward_0,2.672010688042752,0.0697676326071031,0.16455423674261857,2.672010688042752,0.07333857821727384
2025-10-19 13:06:13.470588,ward_1,2.672010688042752,0.06969789984668727,0.16373146555890547,2.672010688042752,0.07326527629612563
2025-10-19 13:06:13.588235,ward_2,2.672010688042752,0.06962823678417711,0.16291280823111093,2.672010688042752,0.07319204764025983
2025-10-19 13:06:13.705882,ward_0,2.672010688042752,0.06955864334990951,0.1620982441899554,2.672010688042752,0.07311889217644776
2025-10-19 13:06:13.823529,ward_1,2.672010688042752,0.06948911947429107,0.1612877529690056,2.672010688042752,0.07304580983153397
2025-10-19 13:06:13.941176,ward_2,2.672010688042752,0.06941966508779789,0.16048131420416056,2.672010688042752,0.0729728005324361
2025-10-19 13:06:14.058824,ward_0,2.672010688042752,0.06935028012097559,0.15967890763313977,2.672010688042752,0.07289986420614483
2025-10-19 13:06:14.176471,ward_1,2.672010688042752,0.06928096450443917,0.15888051309497409,2.672010688042752,0.07282700077972384
2025-10-19 13:06:14.294118,ward_2,2.672010688042752,0.06921171816887305,0.1580861105294992,2.672010688042752,0.07275421018030971
2025-10-19 13:06:14.411765,ward_0,2.672010688042752,0.06914254104503086,0.1572956799768517,2.672010688042752,0.07268149233511183
2025-10-19 13:06:14.529412,ward_1,2.672010688042752,0.06907343306373546,0.15650920157696743,2.672010688042752,0.07260884717141232
2025-10-19 13:06:14.647059,ward_2,2.672010688042752,0.0690043941558789,0.1557266555690826,2.672010688042752,0.07253627461656605
2025-10-19 13:06:14.764706,ward_0,2.672010688042752,0.06893542425242224,0.1549480222912372,2.672010688042752,0.07246377459800044
2025-10-19 13:06:14.882353,ward_1,2.672010688042752,0.06886652328439558,0.15417328217978102,2.672010688042752,0.07239134704321545
2025-10-19 13:06:15.000000,ward_2,2.672010688042752,0.06879769118289795,0.1534024157688821,2.672010688042752,0.07231899187978355
2025-10-19 13:06:15.117647,ward_0,2.672010688042752,0.06872892787909722,0.1526354036900377,2.672010688042752,0.07224670903534956
2025-10-19 13:06:15.235294,ward_1,2.672010688042752,0.0686602333042301,0.1518722266715875,2.672010688042752,0.07217449843763062
2025-10-19 13:06:15.352941,ward_2,2.672010688042752,0.06859160738960202,0.15111286553822956,2.672010688042752,0.07210236001441613
2025-10-19 13:06:15.470588,ward_0,2.672010688042752,0.06852305006658703,0.15035730121053842,2.672010688042752,0.07203029369356767
2025-10-19 13:06:15.588235,ward_1,2.672010688042752,0.06845456126662783,0.14960551470448571,2.672010688042752,0.0719582994030189
2025-10-19 13:06:15.705882,ward_2,2.672010688042752,0.06838614092123559,0.14885748713096328,2.672010688042752,0.07188637707077553
2025-10-19 13:06:15.823529,ward_0,2.672010688042752,0.06831778896198996,0.14811319969530848,2.672010688042752,0.07181452662491522
2025-10-19 13:06:15.941176,ward_1,2.672010688042752,0.06824950532053901,0.14737263369683193,2.672010688042752,0.07174274799358751
2025-10-19 13:06:16.058824,ward_2,2.672010688042752,0.06818128992859905,0.14663577052834778,2.672010688042752,0.0716710411050138
2025-10-19 13:06:16.176471,ward_0,2.672010688042752,0.06811314271795471,0.14590259167570604,2.672010688042752,0.07159940588748713
2025-10-19 13:06:16.294118,ward_1,2.672010688042752,0.06804506362045877,0.14517307871732751,2.672010688042752,0.07152784226937234
2025-10-19 13:06:16.411765,ward_2,2.672010688042752,0.0679770525680321,0.14444721332374086,2.672010688042752,0.07145635017910579
2025-10-19 13:06:16.529412,ward_0,2.672010688042752,0.06790910949266368,0.14372497725712216,2.672010688042752,0.07138492954519535
2025-10-19 13:06:16.647059,ward_1,2.672010688042752,0.06784123432641041,0.14300635237083656,2.672010688042752,0.07131358029622041
2025-10-19 13:06:16.764706,ward_2,2.672010688042752,0.06777342700139712,0.14229132060898236,2.672010688042752,0.07124230236083172
2025-10-19 13:06:16.882353,ward_0,2.672010688042752,0.06770568744981646,0.14157986400593744,2.672010688042752,0.07117109566775132
2025-10-19 13:06:17.000000,ward_1,2.672010688042752,0.06763801560392892,0.14087196468590776,2.672010688042752,0.07109996014577251
2025-10-19 13:06:17.117647,ward_2,2.672010688042752,0.06757041139606261,0.14016760486247823,2.672010688042752,0.07102889572375978
2025-10-19 13:06:17.235294,ward_0,2.672010688042752,0.06750287475861332,0.13946676683816583,2.672010688042752,0.07095790233064869
2025-10-19 13:06:17.352941,ward_1,2.672010688042752,0.06743540562404442,0.138769433003975,2.672010688042752,0.07088697989544585
2025-10-19 13:06:17.470588,ward_2,2.672010688042752,0.06736800392488677,0.13807558583895513,2.672010688042752,0.07081612834722881
2025-10-19 13:06:17.588235,ward_0,2.672010688042752,0.06730066959373864,0.13738520790976036,2.672010688042752,0.070745347615146
2025-10-19 13:06:17.705882,ward_1,2.672010688042752,0.06723340256326572,0.13669828187021155,2.672010688042752,0.07067463762841672
2025-10-19 13:06:17.823529,ward_2,2.672010688042752,0.06716620276620099,0.13601479046086049,2.672010688042752,0.07060399831633096
2025-10-19 13:06:17.941176,ward_0,2.672010688042752,0.0670990701353446,0.1353347165085562,2.672010688042752,0.07053342960824939
2025-10-19 13:06:18.058824,ward_1,2.672010688042752,0.06703200460356394,0.1346580429260134,2.672010688042752,0.07046293143360331
2025-10-19 13:06:18.176471,ward_2,2.672010688042752,0.06696500610379345,0.13398475271138333,2.672010688042752,0.07039250372189454
2025-10-19 13:06:18.294118,ward_0,2.672010688042752,0.06689807456903467,0.13331482894782642,2.672010688042752,0.07032214640269535
2025-10-19 13:06:18.411765,ward_1,2.672010688042752,0.06683120993235603,0.13264825480308728,2.672010688042752,0.07025185940564845
2025-10-19 13:06:18.529412,ward_2,2.672010688042752,0.0667644121268929,0.13198501352907185,2.672010688042752,0.07018164266046678
2025-10-19 13:06:18.647059,ward_0,2.672010688042752,0.06669768108584744,0.1313250884614265,2.672010688042752,0.07011149609693362
2025-10-19 13:06:18.764706,ward_1,2.672010688042752,0.06663101674248864,0.13066846301911936,2.672010688042752,0.07004141964490242
2025-10-19 13:06:18.882353,ward_2,2.672010688042752,0.06656441903015213,0.13001512070402377,2.672010688042752,0.06997141323429668
2025-10-19 13:06:19.000000,ward_0,2.672010688042752,0.06649788788224019,0.12936504510050365,2.672010688042752,0.06990147679511001
2025-10-19 13:06:19.117647,ward_1,2.672010688042752,0.06643142323222168,0.12871821987500112,2.672010688042752,0.06983161025740596
2025-10-19 13:06:19.235294,ward_2,2.672010688042752,0.06636502501363194,0.12807462877562611,2.672010688042752,0.069761813551318
2025-10-19 13:06:19.352941,ward_0,2.672010688042752,0.06629869316007274,0.12743425563174798,2.672010688042752,0.06969208660704938
2025-10-19 13:06:19.470588,ward_1,2.672010688042752,0.06623242760521224,0.12679708435358925,2.672010688042752,0.0696224293548732
2025-10-19 13:06:19.588235,ward_2,2.672010688042752,0.06616622828278483,0.1261630989318213,2.672010688042752,0.06955284172513215
2025-10-19 13:06:19.705882,ward_0,2.672010688042752,0.06610009512659125,0.1255322834371622,2.672010688042752,0.06948332364823866
2025-10-19 13:06:19.823529,ward_1,2.672010688042752,0.06603402807049828,0.12490462201997637,2.672010688042752,0.06941387505467458
2025-10-19 13:06:19.941176,ward_2,2.672010688042752,0.0659680270484389,0.1242800989098765,2.672010688042752,0.06934449587499134
2025-10-19 13:06:20.058824,ward_0,2.672010688042752,0.06590209199441208,0.12365869841532712,2.672010688042752,0.06927518603980977
2025-10-19 13:06:20.176471,ward_1,2.672010688042752,0.06583622284248272,0.12304040492325048,2.672010688042752,0.06920594547982
2025-10-19 13:06:20.294118,ward_2,2.672010688042752,0.0657704195267817,0.12242520289863422,2.672010688042752,0.06913677412578147
2025-10-19 13:06:20.411765,ward_0,2.672010688042752,0.06570468198150568,0.12181307688414106,2.672010688042752,0.06906767190852284
2025-10-19 13:06:20.529412,ward_1,2.672010688042752,0.06563901014091712,0.12120401149972035,2.672010688042752,0.06899863875894187
2025-10-19 13:06:20.647059,ward_2,2.672010688042752,0.06557340393934417,0.12059799144222175,2.672010688042752,0.06892967460800542
2025-10-19 13:06:20.764706,ward_0,2.672010688042752,0.06550786331118062,0.11999500148501063,2.672010688042752,0.0688607793867493
2025-10-19 13:06:20.882353,ward_1,2.672010688042752,0.06544238819088587,0.11939502647758558,2.672010688042752,0.0687919530262783
2025-10-19 13:06:21.000000,ward_2,2.672010688042752,0.06537697851298473,0.11879805134519765,2.672010688042752,0.06872319545776609
2025-10-19 13:06:21.117647,ward_0,2.672010688042752,0.06531163421206757,0.11820406108847166,2.672010688042752,0.06865450661245505
2025-10-19 13:06:21.235294,ward_1,2.672010688042752,0.06524635522279004,0.11761304078302931,2.672010688042752,0.06858588642165635
2025-10-19 13:06:21.352941,ward_2,2.672010688042752,0.0651811414798732,0.11702497557911416,2.672010688042752,0.06851733481674978
2025-10-19 13:06:21.470588,ward_0,2.672010688042752,0.06511599291810326,0.11643985070121858,2.672010688042752,0.06844885172918373
2025-10-19 13:06:21.588235,ward_1,2.672010688042752,0.06505090947233165,0.1158576514477125,2.672010688042752,0.06838043709047512
2025-10-19 13:06:21.705882,ward_2,2.672010688042752,0.06498589107747496,0.11527836319047394,2.672010688042752,0.0683120908322093
2025-10-19 13:06:21.823529,ward_0,2.672010688042752,0.06492093766851474,0.11470197137452157,2.672010688042752,0.06824381288604
2025-10-19 13:06:21.941176,ward_1,2.672010688042752,0.06485604918049762,0.11412846151764895,2.672010688042752,0.06817560318368927
2025-10-19 13:06:22.058824,ward_2,2.672010688042752,0.06479122554853506,0.11355781921006071,2.672010688042752,0.06810746165694742
2025-10-19 13:06:22.176471,ward_0,2.672010688042752,0.06472646670780347,0.1129900301140104,2.672010688042752,0.0680393882376729
2025-10-19 13:06:22.294118,ward_1,2.672010688042752,0.06466177259354397,0.11242507996344035,2.672010688042752,0.06797138285779228
2025-10-19 13:06:22.411765,ward_2,2.672010688042752,0.06459714314106245,0.11186295456362315,2.672010688042752,0.06790344544930019
2025-10-19 13:06:22.529412,ward_0,2.672010688042752,0.06453257828572946,0.11130363979080503,2.672010688042752,0.0678355759442592
2025-10-19 13:06:22.647059,ward_1,2.672010688042752,0.06446807796298014,0.110747121591851,2.672010688042752,0.0677677742747998
2025-10-19 13:06:22.764706,ward_2,2.672010688042752,0.06440364210831415,0.11019338598389175,2.672010688042752,0.06770004037312033
2025-10-19 13:06:22.882353,ward_0,2.672010688042752,0.06433927065729562,0.10964241905397229,2.672010688042752,0.06763237417148689
2025-10-19 13:06:23.000000,ward_1,2.672010688042752,0.06427496354555312,0.10909420695870244,2.672010688042752,0.06756477560223324
2025-10-19 13:06:23.117647,ward_2,2.672010688042752,0.06421072070877952,0.10854873592390892,2.672010688042752,0.06749724459776081
2025-10-19 13:06:23.235294,ward_0,2.672010688042752,0.06414654208273199,0.10800599224428938,2.672010688042752,0.06742978109053864
2025-10-19 13:06:23.352941,ward_1,2.672010688042752,0.06408242760323188,0.10746596228306793,2.672010688042752,0.06736238501310315
2025-10-19 13:06:23.470588,ward_2,2.672010688042752,0.06401837720616471,0.10692863247165259,2.672010688042752,0.0672950562980583
2025-10-19 13:06:23.588235,ward_0,2.672010688042752,0.0639543908274801,0.10639398930929432,2.672010688042752,0.06722779487807534
2025-10-19 13:06:23.705882,ward_1,2.672010688042752,0.06389046840319162,0.10586201936274785,2.672010688042752,0.06716060068589287
2025-10-19 13:06:23.823529,ward_2,2.672010688042752,0.06382660986937688,0.1053327092659341,2.672010688042752,0.06709347365431668
2025-10-19 13:06:23.941176,ward_0,2.672010688042752,0.06376281516217734,0.10480604571960443,2.672010688042752,0.06702641371621976
2025-10-19 13:06:24.058824,ward_1,2.672010688042752,0.06369908421779825,0.10428201549100642,2.672010688042752,0.06695942080454212
2025-10-19 13:06:24.176471,ward_2,2.672010688042752,0.06363541697250871,0.10376060541355138,2.672010688042752,0.06689249485229086
2025-10-19 13:06:24.294118,ward_0,2.672010688042752,0.06357181336264144,0.10324180238648363,2.672010688042752,0.06682563579254003
2025-10-19 13:06:24.411765,ward_1,2.672010688042752,0.06350827332459281,0.10272559337455121,2.672010688042752,0.06675884355843056
2025-10-19 13:06:24.529412,ward_2,2.672010688042752,0.06344479679482283,0.10221196540767845,2.672010688042752,0.06669211808317023
2025-10-19 13:06:24.647059,ward_0,2.672010688042752,0.0633813837098549,0.10170090558064006,2.672010688042752,0.06662545930003352
2025-10-19 13:06:24.764706,ward_1,2.672010688042752,0.06331803400627599,0.10119240105273686,2.672010688042752,0.06655886714236167
2025-10-19 13:06:24.882353,ward_2,2.672010688042752,0.06325474762073634,0.10068643904747317,2.672010688042752,0.06649234154356251
2025-10-19 13:06:25.000000,ward_0,2.672010688042752,0.0631915244899496,0.1001830068522358,2.672010688042752,0.06642588243711044
2025-10-19 13:06:25.117647,ward_1,2.672010688042752,0.0631283645506926,0.09968209181797463,2.672010688042752,0.06635948975654632
2025-10-19 13:06:25.235294,ward_2,2.672010688042752,0.06306526773980542,0.09918368135888475,2.672010688042752,0.06629316343547752
2025-10-19 13:06:25.352941,ward_0,2.672010688042752,0.06300223399419123,0.09868776295209034,2.672010688042752,0.06622690340757766
2025-10-19 13:06:25.470588,ward_1,2.672010688042752,0.0629392632508163,0.09819432413732988,2.672010688042752,0.06616070960658671
2025-10-19 13:06:25.588235,ward_2,2.672010688042752,0.06287635544670984,0.09770335251664322,2.672010688042752,0.0660945819663109
2025-10-19 13:06:25.705882,ward_0,2.672010688042752,0.06281351051896408,0.09721483575406001,2.672010688042752,0.06602852042062256
2025-10-19 13:06:25.823529,ward_1,2.672010688042752,0.06275072840473407,0.09672876157528972,2.672010688042752,0.06596252490346015
2025-10-19 13:06:25.941176,ward_2,2.672010688042752,0.06268800904123771,0.09624511776741326,2.672010688042752,0.06589659534882814
2025-10-19 13:06:26.058824,ward_0,2.672010688042752,0.0626253523657556,0.0957638921785762,2.672010688042752,0.06583073169079695
2025-10-19 13:06:26.176471,ward_1,2.672010688042752,0.06256275831563107,0.09528507271768331,2.672010688042752,0.06576493386350296
2025-10-19 13:06:26.294118,ward_2,2.672010688042752,0.06250022682827008,0.0948086473540949,2.672010688042752,0.06569920180114831
2025-10-19 13:06:26.411765,ward_0,2.672010688042752,0.06243775784114113,0.09433460411732442,2.672010688042752,0.06563353543800093
2025-10-19 13:06:26.529412,ward_1,2.672010688042752,0.06237535129177522,0.0938629310967378,2.672010688042752,0.06556793470839446
2025-10-19 13:06:26.647059,ward_2,2.672010688042752,0.06231300711776579,0.09339361644125412,2.672010688042752,0.06550239954672817
2025-10-19 13:06:26.764706,ward_0,2.672010688042752,0.06225072525676868,0.09292664835904783,2.672010688042752,0.06543692988746687
2025-10-19 13:06:26.882353,ward_1,2.672010688042752,0.06218850564650202,0.0924620151172526,2.672010688042752,0.06537152566514091
2025-10-19 13:06:27.000000,ward_2,2.672010688042752,0.06212634822474618,0.09199970504166634,2.672010688042752,0.06530618681434608
2025-10-19 13:06:27.117647,ward_0,2.672010688042752,0.062064252929343734,0.091539706516458,2.672010688042752,0.06524091326974349
2025-10-19 13:06:27.235294,ward_1,2.672010688042752,0.062002219698199405,0.09108200798387571,2.672010688042752,0.06517570496605962
2025-10-19 13:06:27.352941,ward_2,2.672010688042752,0.061940248469279924,0.09062659794395633,2.672010688042752,0.06511056183808614
2025-10-19 13:06:27.470588,ward_0,2.672010688042752,0.061878339180614084,0.09017346495423655,2.672010688042752,0.06504548382067993
2025-10-19 13:06:27.588235,ward_1,2.672010688042752,0.06181649177029258,0.08972259762946537,2.672010688042752,0.06498047084876295
2025-10-19 13:06:27.705882,ward_2,2.672010688042752,0.061754706176468,0.08927398464131804,2.672010688042752,0.06491552285732224
2025-10-19 13:06:27.823529,ward_0,2.672010688042752,0.06169298233735474,0.08882761471811144,2.672010688042752,0.0648506397814098
2025-10-19 13:06:27.941176,ward_1,2.672010688042752,0.06163132019122897,0.0883834766445209,2.672010688042752,0.06478582155614254
2025-10-19 13:06:28.058824,ward_2,2.672010688042752,0.06156971967642852,0.08794155926129829,2.672010688042752,0.06472106811670225
2025-10-19 13:06:28.176471,ward_0,2.672010688042752,0.06150818073135287,0.0875018514649918,2.672010688042752,0.06465637939833545
2025-10-19 13:06:28.294118,ward_1,2.672010688042752,0.061446703294463084,0.08706434220766683,2.672010688042752,0.06459175533635345
2025-10-19 13:06:28.411765,ward_2,2.672010688042752,0.061385287304281715,0.0866290204966285,2.672010688042752,0.06452719586613216
2025-10-19 13:06:28.529412,ward_0,2.672010688042752,0.06132393269939275,0.08619587539414536,2.672010688042752,0.0644627009231121
2025-10-19 13:06:28.647059,ward_1,2.672010688042752,0.061262639418441615,0.08576489601717463,2.672010688042752,0.06439827044279836
2025-10-19 13:06:28.764706,ward_2,2.672010688042752,0.061201407400134994,0.08533607153708876,2.672010688042752,0.06433390436076043
2025-10-19 13:06:28.882353,ward_0,2.672010688042752,0.06114023658324087,0.08490939117940331,2.672010688042752,0.0642696026126322
2025-10-19 13:06:29.000000,ward_1,2.672010688042752,0.06107912690658843,0.0844848442235063,2.672010688042752,0.06420536513411196
2025-10-19 13:06:29.117647,ward_2,2.672010688042752,0.06101807830906798,0.08406242000238877,2.672010688042752,0.06414119186096219
2025-10-19 13:06:29.235294,ward_0,2.672010688042752,0.06095709072963093,0.08364210790237682,2.672010688042752,0.06407708272900964
2025-10-19 13:06:29.352941,ward_1,2.672010688042752,0.06089616410728969,0.08322389736286494,2.672010688042752,0.06401303767414515
2025-10-19 13:06:29.470588,ward_2,2.672010688042752,0.06083529838111763,0.0828077778760506,2.672010688042752,0.06394905663232367
2025-10-19 13:06:29.588235,ward_0,2.672010688042752,0.06077449349024902,0.08239373898667036,2.672010688042752,0.06388513953956415
2025-10-19 13:06:29.705882,ward_1,2.672010688042752,0.06071374937387897,0.081981770291737,2.672010688042752,0.0638212863319495
2025-10-19 13:06:29.823529,ward_2,2.672010688042752,0.06065306597126335,0.08157186144027832,2.672010688042752,0.06375749694562649
2025-10-19 13:06:29.941176,ward_0,2.672010688042752,0.06059244322171875,0.08116400213307692,2.672010688042752,0.06369377131680574
2025-10-19 13:06:30.058824,ward_1,2.672010688042752,0.06053188106462243,0.08075818212241154,2.672010688042752,0.06363010938176161
2025-10-19 13:06:30.176471,ward_2,2.672010688042752,0.060471379439412214,0.08035439121179949,2.672010688042752,0.06356651107683217
2025-10-19 13:06:30.294118,ward_0,2.672010688042752,0.06041093828558647,0.07995261925574049,2.672010688042752,0.06350297633841911
2025-10-19 13:06:30.411765,ward_1,2.672010688042752,0.060350557542704054,0.07955285615946178,2.672010688042752,0.06343950510298767
2025-10-19 13:06:30.529412,ward_2,2.672010688042752,0.06029023715038421,0.07915509187866447,2.672010688042752,0.06337609730706664
2025-10-19 13:06:30.647059,ward_0,2.672010688042752,0.06022997704830654,0.07875931641927116,2.672010688042752,0.06331275288724818
2025-10-19 13:06:30.764706,ward_1,2.672010688042752,0.06016977717621094,0.0783655198371748,2.672010688042752,0.06324947178018789
2025-10-19 13:06:30.882353,ward_2,2.672010688042752,0.060109637473897526,0.07797369223798892,2.672010688042752,0.06318625392260464
2025-10-19 13:06:31.000000,ward_0,2.672010688042752,0.060049557881226595,0.07758382377679898,2.672010688042752,0.06312309925128058
